feature	coefficient	abs_coefficient	feature_set	model	repeat	fold
HALLMARK_MITOTIC_SPINDLE	0.1392567870933591	0.1392567870933591	bi_only	ridge_logreg	1	1
HALLMARK_WNT_BETA_CATENIN_SIGNALING	0.12634583566314064	0.12634583566314064	bi_only	ridge_logreg	1	1
HALLMARK_G2M_CHECKPOINT	0.09692247028691219	0.09692247028691219	bi_only	ridge_logreg	1	1
HALLMARK_CHOLESTEROL_HOMEOSTASIS	0.09540619730889703	0.09540619730889703	bi_only	ridge_logreg	1	1
HYPOXIA	0.09072779090648952	0.09072779090648952	bi_only	ridge_logreg	1	1
HALLMARK_E2F_TARGETS	0.07757926827879578	0.07757926827879578	bi_only	ridge_logreg	1	1
TREG_MYELOID_SUPPRESSION	0.07656690804492372	0.07656690804492372	bi_only	ridge_logreg	1	1
HALLMARK_HYPOXIA	0.07377934354795278	0.07377934354795278	bi_only	ridge_logreg	1	1
HALLMARK_UV_RESPONSE_UP	0.07030655344070354	0.07030655344070354	bi_only	ridge_logreg	1	1
HALLMARK_XENOBIOTIC_METABOLISM	-0.0697656070079079	0.0697656070079079	bi_only	ridge_logreg	1	1
HALLMARK_GLYCOLYSIS	0.0677748477931434	0.0677748477931434	bi_only	ridge_logreg	1	1
HALLMARK_NOTCH_SIGNALING	0.06737835656683067	0.06737835656683067	bi_only	ridge_logreg	1	1
HALLMARK_MYC_TARGETS_V1	0.0657969666676188	0.0657969666676188	bi_only	ridge_logreg	1	1
HALLMARK_ESTROGEN_RESPONSE_EARLY	-0.06171166649644261	0.06171166649644261	bi_only	ridge_logreg	1	1
HALLMARK_IL2_STAT5_SIGNALING	0.05905321173916402	0.05905321173916402	bi_only	ridge_logreg	1	1
HALLMARK_PEROXISOME	-0.05749196487427804	0.05749196487427804	bi_only	ridge_logreg	1	1
HALLMARK_P53_PATHWAY	0.050660336620783473	0.050660336620783473	bi_only	ridge_logreg	1	1
HALLMARK_REACTIVE_OXYGEN_SPECIES_PATHWAY	-0.04735919739052278	0.04735919739052278	bi_only	ridge_logreg	1	1
HALLMARK_FATTY_ACID_METABOLISM	-0.04524265556913856	0.04524265556913856	bi_only	ridge_logreg	1	1
HALLMARK_EPITHELIAL_MESENCHYMAL_TRANSITION	-0.045166891070140255	0.045166891070140255	bi_only	ridge_logreg	1	1
HALLMARK_SPERMATOGENESIS	0.04230767748355451	0.04230767748355451	bi_only	ridge_logreg	1	1
HALLMARK_APOPTOSIS	-0.04019920175574156	0.04019920175574156	bi_only	ridge_logreg	1	1
HALLMARK_COAGULATION	-0.038847072718599836	0.038847072718599836	bi_only	ridge_logreg	1	1
HALLMARK_MYC_TARGETS_V2	0.03632941394997297	0.03632941394997297	bi_only	ridge_logreg	1	1
HALLMARK_ESTROGEN_RESPONSE_LATE	-0.036209760748786166	0.036209760748786166	bi_only	ridge_logreg	1	1
immune_balance_ratio	-0.03398640450069439	0.03398640450069439	bi_only	ridge_logreg	1	1
ECM_REMODELING	-0.03306443230641033	0.03306443230641033	bi_only	ridge_logreg	1	1
HALLMARK_DNA_REPAIR	0.03222842247719918	0.03222842247719918	bi_only	ridge_logreg	1	1
HALLMARK_PI3K_AKT_MTOR_SIGNALING	-0.03199738426740112	0.03199738426740112	bi_only	ridge_logreg	1	1
HALLMARK_HEME_METABOLISM	-0.030533990386755003	0.030533990386755003	bi_only	ridge_logreg	1	1
suppression	0.02597944264054283	0.02597944264054283	bi_only	ridge_logreg	1	1
HALLMARK_MTORC1_SIGNALING	0.025094514221724627	0.025094514221724627	bi_only	ridge_logreg	1	1
HALLMARK_TNFA_SIGNALING_VIA_NFKB	0.024257355763332905	0.024257355763332905	bi_only	ridge_logreg	1	1
CYTOLYTIC_ACTIVITY	-0.023656363524287852	0.023656363524287852	bi_only	ridge_logreg	1	1
HALLMARK_TGF_BETA_SIGNALING	-0.02357174538994105	0.02357174538994105	bi_only	ridge_logreg	1	1
HALLMARK_HEDGEHOG_SIGNALING	-0.01956577012573801	0.01956577012573801	bi_only	ridge_logreg	1	1
HALLMARK_PROTEIN_SECRETION	0.019154810294514935	0.019154810294514935	bi_only	ridge_logreg	1	1
HALLMARK_MYOGENESIS	-0.017674846222297494	0.017674846222297494	bi_only	ridge_logreg	1	1
HALLMARK_UNFOLDED_PROTEIN_RESPONSE	0.015447186913980414	0.015447186913980414	bi_only	ridge_logreg	1	1
HALLMARK_INFLAMMATORY_RESPONSE	0.015231856025731424	0.015231856025731424	bi_only	ridge_logreg	1	1
HALLMARK_ANDROGEN_RESPONSE	-0.014651166719212521	0.014651166719212521	bi_only	ridge_logreg	1	1
HALLMARK_ANGIOGENESIS	-0.013553765742253936	0.013553765742253936	bi_only	ridge_logreg	1	1
immune_balance_index	-0.013187223489486763	0.013187223489486763	bi_only	ridge_logreg	1	1
EMT	-0.01091606632279514	0.01091606632279514	bi_only	ridge_logreg	1	1
HALLMARK_BILE_ACID_METABOLISM	0.010011064839044757	0.010011064839044757	bi_only	ridge_logreg	1	1
HALLMARK_PANCREAS_BETA_CELLS	0.009781191155844077	0.009781191155844077	bi_only	ridge_logreg	1	1
HALLMARK_OXIDATIVE_PHOSPHORYLATION	-0.009779030813529476	0.009779030813529476	bi_only	ridge_logreg	1	1
T_CELL_INFLAMED	0.009350156003537549	0.009350156003537549	bi_only	ridge_logreg	1	1
HALLMARK_APICAL_JUNCTION	-0.00910054598994559	0.00910054598994559	bi_only	ridge_logreg	1	1
HALLMARK_INTERFERON_GAMMA_RESPONSE	0.008676570880841622	0.008676570880841622	bi_only	ridge_logreg	1	1
IFNG_RESPONSE	0.00859099320370216	0.00859099320370216	bi_only	ridge_logreg	1	1
HALLMARK_INTERFERON_ALPHA_RESPONSE	0.008567016757490433	0.008567016757490433	bi_only	ridge_logreg	1	1
HALLMARK_KRAS_SIGNALING_UP	0.008490813606015437	0.008490813606015437	bi_only	ridge_logreg	1	1
HALLMARK_KRAS_SIGNALING_DN	0.008015117525432928	0.008015117525432928	bi_only	ridge_logreg	1	1
HALLMARK_IL6_JAK_STAT3_SIGNALING	0.006843761912683251	0.006843761912683251	bi_only	ridge_logreg	1	1
HALLMARK_ALLOGRAFT_REJECTION	-0.006736106931589436	0.006736106931589436	bi_only	ridge_logreg	1	1
ANGIOGENESIS	-0.0066255003627691015	0.0066255003627691015	bi_only	ridge_logreg	1	1
HALLMARK_UV_RESPONSE_DN	-0.0062243292424580526	0.0062243292424580526	bi_only	ridge_logreg	1	1
HALLMARK_COMPLEMENT	-0.005758319063091985	0.005758319063091985	bi_only	ridge_logreg	1	1
CD8_NK	0.0056197312572307985	0.0056197312572307985	bi_only	ridge_logreg	1	1
HALLMARK_APICAL_SURFACE	-0.005235074335589076	0.005235074335589076	bi_only	ridge_logreg	1	1
ANTIGEN_PRESENTATION	0.004042613439388956	0.004042613439388956	bi_only	ridge_logreg	1	1
activation	-0.0028835293247794986	0.0028835293247794986	bi_only	ridge_logreg	1	1
HALLMARK_ADIPOGENESIS	0.0006957122558973644	0.0006957122558973644	bi_only	ridge_logreg	1	1
TGF_BETA_SIGNALING	-0.000591826275033663	0.000591826275033663	bi_only	ridge_logreg	1	1
HALLMARK_CHOLESTEROL_HOMEOSTASIS	0.1548909678461409	0.1548909678461409	bi_only	ridge_logreg	1	2
HALLMARK_MITOTIC_SPINDLE	0.1356348237896014	0.1356348237896014	bi_only	ridge_logreg	1	2
HYPOXIA	0.11137955745787473	0.11137955745787473	bi_only	ridge_logreg	1	2
HALLMARK_ESTROGEN_RESPONSE_EARLY	-0.09344508111736245	0.09344508111736245	bi_only	ridge_logreg	1	2
HALLMARK_HYPOXIA	0.09119177876819182	0.09119177876819182	bi_only	ridge_logreg	1	2
HALLMARK_G2M_CHECKPOINT	0.08341370866215116	0.08341370866215116	bi_only	ridge_logreg	1	2
HALLMARK_E2F_TARGETS	0.08053475919124402	0.08053475919124402	bi_only	ridge_logreg	1	2
HALLMARK_WNT_BETA_CATENIN_SIGNALING	0.07838125290650376	0.07838125290650376	bi_only	ridge_logreg	1	2
HALLMARK_IL2_STAT5_SIGNALING	0.07806052289725558	0.07806052289725558	bi_only	ridge_logreg	1	2
HALLMARK_ESTROGEN_RESPONSE_LATE	-0.07583059589249165	0.07583059589249165	bi_only	ridge_logreg	1	2
HALLMARK_GLYCOLYSIS	0.07019523061549522	0.07019523061549522	bi_only	ridge_logreg	1	2
HALLMARK_SPERMATOGENESIS	0.07012172441123929	0.07012172441123929	bi_only	ridge_logreg	1	2
HALLMARK_XENOBIOTIC_METABOLISM	-0.05947441959704603	0.05947441959704603	bi_only	ridge_logreg	1	2
HALLMARK_MTORC1_SIGNALING	0.0544994288260278	0.0544994288260278	bi_only	ridge_logreg	1	2
HALLMARK_PEROXISOME	-0.054440032976665	0.054440032976665	bi_only	ridge_logreg	1	2
TGF_BETA_SIGNALING	-0.05313780281052651	0.05313780281052651	bi_only	ridge_logreg	1	2
TREG_MYELOID_SUPPRESSION	0.05041721443741859	0.05041721443741859	bi_only	ridge_logreg	1	2
HALLMARK_KRAS_SIGNALING_DN	0.04796411731064933	0.04796411731064933	bi_only	ridge_logreg	1	2
HALLMARK_NOTCH_SIGNALING	0.043961781798702	0.043961781798702	bi_only	ridge_logreg	1	2
HALLMARK_P53_PATHWAY	0.04378651115815248	0.04378651115815248	bi_only	ridge_logreg	1	2
HALLMARK_HEDGEHOG_SIGNALING	-0.0437689267805595	0.0437689267805595	bi_only	ridge_logreg	1	2
HALLMARK_EPITHELIAL_MESENCHYMAL_TRANSITION	-0.042235916003539556	0.042235916003539556	bi_only	ridge_logreg	1	2
ECM_REMODELING	-0.03929698435462796	0.03929698435462796	bi_only	ridge_logreg	1	2
HALLMARK_COAGULATION	-0.03889103401561641	0.03889103401561641	bi_only	ridge_logreg	1	2
HALLMARK_UV_RESPONSE_UP	0.03743496045836948	0.03743496045836948	bi_only	ridge_logreg	1	2
T_CELL_INFLAMED	0.036400510894677655	0.036400510894677655	bi_only	ridge_logreg	1	2
HALLMARK_MYC_TARGETS_V1	0.03501469440660131	0.03501469440660131	bi_only	ridge_logreg	1	2
IFNG_RESPONSE	0.034313165144136	0.034313165144136	bi_only	ridge_logreg	1	2
HALLMARK_PROTEIN_SECRETION	0.030597794892076716	0.030597794892076716	bi_only	ridge_logreg	1	2
immune_balance_ratio	-0.029674139084842163	0.029674139084842163	bi_only	ridge_logreg	1	2
HALLMARK_REACTIVE_OXYGEN_SPECIES_PATHWAY	-0.02820975243148875	0.02820975243148875	bi_only	ridge_logreg	1	2
HALLMARK_APICAL_SURFACE	-0.027604371040737933	0.027604371040737933	bi_only	ridge_logreg	1	2
CYTOLYTIC_ACTIVITY	-0.02759712035510676	0.02759712035510676	bi_only	ridge_logreg	1	2
EMT	-0.02757094586844966	0.02757094586844966	bi_only	ridge_logreg	1	2
HALLMARK_DNA_REPAIR	0.02725516240047986	0.02725516240047986	bi_only	ridge_logreg	1	2
HALLMARK_ANGIOGENESIS	-0.02408290285656543	0.02408290285656543	bi_only	ridge_logreg	1	2
HALLMARK_PI3K_AKT_MTOR_SIGNALING	0.023964228312538825	0.023964228312538825	bi_only	ridge_logreg	1	2
HALLMARK_MYOGENESIS	-0.02188541684129807	0.02188541684129807	bi_only	ridge_logreg	1	2
HALLMARK_INFLAMMATORY_RESPONSE	0.02157212836878703	0.02157212836878703	bi_only	ridge_logreg	1	2
HALLMARK_HEME_METABOLISM	-0.02114756278992878	0.02114756278992878	bi_only	ridge_logreg	1	2
HALLMARK_IL6_JAK_STAT3_SIGNALING	0.020454572954049538	0.020454572954049538	bi_only	ridge_logreg	1	2
HALLMARK_INTERFERON_ALPHA_RESPONSE	-0.020256949995373835	0.020256949995373835	bi_only	ridge_logreg	1	2
HALLMARK_TNFA_SIGNALING_VIA_NFKB	0.019953511684160402	0.019953511684160402	bi_only	ridge_logreg	1	2
HALLMARK_COMPLEMENT	0.018546709782304285	0.018546709782304285	bi_only	ridge_logreg	1	2
HALLMARK_UNFOLDED_PROTEIN_RESPONSE	0.018062722322628056	0.018062722322628056	bi_only	ridge_logreg	1	2
HALLMARK_FATTY_ACID_METABOLISM	-0.014296691132390557	0.014296691132390557	bi_only	ridge_logreg	1	2
HALLMARK_APICAL_JUNCTION	-0.014055938382850106	0.014055938382850106	bi_only	ridge_logreg	1	2
HALLMARK_BILE_ACID_METABOLISM	-0.013399706292083072	0.013399706292083072	bi_only	ridge_logreg	1	2
HALLMARK_TGF_BETA_SIGNALING	-0.01126259304062967	0.01126259304062967	bi_only	ridge_logreg	1	2
CD8_NK	0.01118084596580033	0.01118084596580033	bi_only	ridge_logreg	1	2
suppression	0.010941311020638682	0.010941311020638682	bi_only	ridge_logreg	1	2
HALLMARK_ANDROGEN_RESPONSE	-0.010437453157440045	0.010437453157440045	bi_only	ridge_logreg	1	2
ANGIOGENESIS	0.009550298498315664	0.009550298498315664	bi_only	ridge_logreg	1	2
ANTIGEN_PRESENTATION	-0.00897086804874391	0.00897086804874391	bi_only	ridge_logreg	1	2
HALLMARK_APOPTOSIS	-0.008700108290165853	0.008700108290165853	bi_only	ridge_logreg	1	2
HALLMARK_UV_RESPONSE_DN	-0.007749538359086209	0.007749538359086209	bi_only	ridge_logreg	1	2
HALLMARK_ADIPOGENESIS	-0.00723685292192107	0.00723685292192107	bi_only	ridge_logreg	1	2
HALLMARK_KRAS_SIGNALING_UP	-0.006558764522256622	0.006558764522256622	bi_only	ridge_logreg	1	2
HALLMARK_MYC_TARGETS_V2	-0.006201341425052863	0.006201341425052863	bi_only	ridge_logreg	1	2
activation	0.005476518050220946	0.005476518050220946	bi_only	ridge_logreg	1	2
HALLMARK_ALLOGRAFT_REJECTION	0.005157393795917674	0.005157393795917674	bi_only	ridge_logreg	1	2
HALLMARK_INTERFERON_GAMMA_RESPONSE	0.003820151676167251	0.003820151676167251	bi_only	ridge_logreg	1	2
HALLMARK_OXIDATIVE_PHOSPHORYLATION	-0.0026353068830219746	0.0026353068830219746	bi_only	ridge_logreg	1	2
HALLMARK_PANCREAS_BETA_CELLS	-0.0016513355088233054	0.0016513355088233054	bi_only	ridge_logreg	1	2
immune_balance_index	0.001239758945186162	0.001239758945186162	bi_only	ridge_logreg	1	2
HYPOXIA	0.10950854364479384	0.10950854364479384	bi_only	ridge_logreg	1	3
HALLMARK_ESTROGEN_RESPONSE_EARLY	-0.1056425645710139	0.1056425645710139	bi_only	ridge_logreg	1	3
HALLMARK_CHOLESTEROL_HOMEOSTASIS	0.09892913803180602	0.09892913803180602	bi_only	ridge_logreg	1	3
HALLMARK_WNT_BETA_CATENIN_SIGNALING	0.0987463423983436	0.0987463423983436	bi_only	ridge_logreg	1	3
HALLMARK_MITOTIC_SPINDLE	0.09833502484153588	0.09833502484153588	bi_only	ridge_logreg	1	3
TREG_MYELOID_SUPPRESSION	0.09775860026539629	0.09775860026539629	bi_only	ridge_logreg	1	3
HALLMARK_P53_PATHWAY	0.08933227784658085	0.08933227784658085	bi_only	ridge_logreg	1	3
HALLMARK_ESTROGEN_RESPONSE_LATE	-0.07980765342782614	0.07980765342782614	bi_only	ridge_logreg	1	3
ECM_REMODELING	-0.07033990479464873	0.07033990479464873	bi_only	ridge_logreg	1	3
HALLMARK_REACTIVE_OXYGEN_SPECIES_PATHWAY	-0.06958234189313157	0.06958234189313157	bi_only	ridge_logreg	1	3
HALLMARK_MYC_TARGETS_V1	0.06884475073725584	0.06884475073725584	bi_only	ridge_logreg	1	3
HALLMARK_XENOBIOTIC_METABOLISM	-0.06695307090580863	0.06695307090580863	bi_only	ridge_logreg	1	3
HALLMARK_HYPOXIA	0.06647980673452747	0.06647980673452747	bi_only	ridge_logreg	1	3
HALLMARK_KRAS_SIGNALING_DN	0.0635354073152491	0.0635354073152491	bi_only	ridge_logreg	1	3
HALLMARK_APOPTOSIS	-0.06156129859052402	0.06156129859052402	bi_only	ridge_logreg	1	3
HALLMARK_G2M_CHECKPOINT	0.060913940640731384	0.060913940640731384	bi_only	ridge_logreg	1	3
HALLMARK_IL2_STAT5_SIGNALING	0.060828018233635414	0.060828018233635414	bi_only	ridge_logreg	1	3
HALLMARK_PEROXISOME	-0.06051325791827825	0.06051325791827825	bi_only	ridge_logreg	1	3
HALLMARK_SPERMATOGENESIS	0.05863412917096237	0.05863412917096237	bi_only	ridge_logreg	1	3
HALLMARK_E2F_TARGETS	0.05701909798497037	0.05701909798497037	bi_only	ridge_logreg	1	3
ANGIOGENESIS	0.04890399438119846	0.04890399438119846	bi_only	ridge_logreg	1	3
HALLMARK_GLYCOLYSIS	0.04852070227305515	0.04852070227305515	bi_only	ridge_logreg	1	3
HALLMARK_UV_RESPONSE_UP	0.04738960759634659	0.04738960759634659	bi_only	ridge_logreg	1	3
HALLMARK_TNFA_SIGNALING_VIA_NFKB	0.04515321386001665	0.04515321386001665	bi_only	ridge_logreg	1	3
HALLMARK_EPITHELIAL_MESENCHYMAL_TRANSITION	-0.04408613142481763	0.04408613142481763	bi_only	ridge_logreg	1	3
immune_balance_ratio	-0.038601927398917824	0.038601927398917824	bi_only	ridge_logreg	1	3
HALLMARK_COAGULATION	-0.038578836973141774	0.038578836973141774	bi_only	ridge_logreg	1	3
EMT	-0.0350997096340423	0.0350997096340423	bi_only	ridge_logreg	1	3
HALLMARK_MYC_TARGETS_V2	0.03484578605262341	0.03484578605262341	bi_only	ridge_logreg	1	3
HALLMARK_FATTY_ACID_METABOLISM	-0.029373801743364965	0.029373801743364965	bi_only	ridge_logreg	1	3
HALLMARK_PANCREAS_BETA_CELLS	-0.027065373333583363	0.027065373333583363	bi_only	ridge_logreg	1	3
HALLMARK_ANGIOGENESIS	-0.026496011226492963	0.026496011226492963	bi_only	ridge_logreg	1	3
TGF_BETA_SIGNALING	-0.026362598067770648	0.026362598067770648	bi_only	ridge_logreg	1	3
HALLMARK_UV_RESPONSE_DN	-0.0256351792790622	0.0256351792790622	bi_only	ridge_logreg	1	3
suppression	0.024346583236075706	0.024346583236075706	bi_only	ridge_logreg	1	3
HALLMARK_NOTCH_SIGNALING	0.023392702415577307	0.023392702415577307	bi_only	ridge_logreg	1	3
HALLMARK_IL6_JAK_STAT3_SIGNALING	0.022834317267859647	0.022834317267859647	bi_only	ridge_logreg	1	3
ANTIGEN_PRESENTATION	0.021612630078850798	0.021612630078850798	bi_only	ridge_logreg	1	3
HALLMARK_APICAL_JUNCTION	0.021117004287203013	0.021117004287203013	bi_only	ridge_logreg	1	3
HALLMARK_HEME_METABOLISM	-0.020446126299764826	0.020446126299764826	bi_only	ridge_logreg	1	3
HALLMARK_INTERFERON_GAMMA_RESPONSE	0.019291297850599784	0.019291297850599784	bi_only	ridge_logreg	1	3
CD8_NK	0.017895441993226104	0.017895441993226104	bi_only	ridge_logreg	1	3
HALLMARK_INFLAMMATORY_RESPONSE	0.01589030231702404	0.01589030231702404	bi_only	ridge_logreg	1	3
HALLMARK_ANDROGEN_RESPONSE	-0.015784265778622398	0.015784265778622398	bi_only	ridge_logreg	1	3
HALLMARK_KRAS_SIGNALING_UP	0.015627487905301177	0.015627487905301177	bi_only	ridge_logreg	1	3
HALLMARK_ADIPOGENESIS	0.015139290185887834	0.015139290185887834	bi_only	ridge_logreg	1	3
HALLMARK_MTORC1_SIGNALING	0.014933749651884461	0.014933749651884461	bi_only	ridge_logreg	1	3
HALLMARK_UNFOLDED_PROTEIN_RESPONSE	0.01404065233610159	0.01404065233610159	bi_only	ridge_logreg	1	3
HALLMARK_INTERFERON_ALPHA_RESPONSE	0.013453465715718706	0.013453465715718706	bi_only	ridge_logreg	1	3
HALLMARK_BILE_ACID_METABOLISM	-0.012743628110058237	0.012743628110058237	bi_only	ridge_logreg	1	3
T_CELL_INFLAMED	0.012372104216963381	0.012372104216963381	bi_only	ridge_logreg	1	3
HALLMARK_HEDGEHOG_SIGNALING	-0.010619330746846359	0.010619330746846359	bi_only	ridge_logreg	1	3
HALLMARK_DNA_REPAIR	-0.010568929380249488	0.010568929380249488	bi_only	ridge_logreg	1	3
IFNG_RESPONSE	-0.010104563946544173	0.010104563946544173	bi_only	ridge_logreg	1	3
HALLMARK_APICAL_SURFACE	0.009431376476882157	0.009431376476882157	bi_only	ridge_logreg	1	3
HALLMARK_ALLOGRAFT_REJECTION	0.008542174480812	0.008542174480812	bi_only	ridge_logreg	1	3
HALLMARK_PROTEIN_SECRETION	-0.007362430236649573	0.007362430236649573	bi_only	ridge_logreg	1	3
activation	0.007065609937078705	0.007065609937078705	bi_only	ridge_logreg	1	3
HALLMARK_OXIDATIVE_PHOSPHORYLATION	-0.004963682590593164	0.004963682590593164	bi_only	ridge_logreg	1	3
HALLMARK_COMPLEMENT	-0.00445669237922523	0.00445669237922523	bi_only	ridge_logreg	1	3
HALLMARK_PI3K_AKT_MTOR_SIGNALING	0.004283594661815674	0.004283594661815674	bi_only	ridge_logreg	1	3
CYTOLYTIC_ACTIVITY	-0.0035691264631692175	0.0035691264631692175	bi_only	ridge_logreg	1	3
HALLMARK_MYOGENESIS	0.00344837376105898	0.00344837376105898	bi_only	ridge_logreg	1	3
immune_balance_index	-0.002701135377069082	0.002701135377069082	bi_only	ridge_logreg	1	3
HALLMARK_TGF_BETA_SIGNALING	0.0012713166453510014	0.0012713166453510014	bi_only	ridge_logreg	1	3
HALLMARK_MITOTIC_SPINDLE	0.12684451946580405	0.12684451946580405	bi_only	ridge_logreg	1	4
HALLMARK_P53_PATHWAY	0.11531861280509004	0.11531861280509004	bi_only	ridge_logreg	1	4
HALLMARK_WNT_BETA_CATENIN_SIGNALING	0.11375820750831445	0.11375820750831445	bi_only	ridge_logreg	1	4
HALLMARK_G2M_CHECKPOINT	0.09934560791914841	0.09934560791914841	bi_only	ridge_logreg	1	4
HALLMARK_CHOLESTEROL_HOMEOSTASIS	0.09546963773801527	0.09546963773801527	bi_only	ridge_logreg	1	4
HALLMARK_E2F_TARGETS	0.0894812336229324	0.0894812336229324	bi_only	ridge_logreg	1	4
HALLMARK_UV_RESPONSE_UP	0.08658904408799394	0.08658904408799394	bi_only	ridge_logreg	1	4
HYPOXIA	0.08596520915377635	0.08596520915377635	bi_only	ridge_logreg	1	4
HALLMARK_HYPOXIA	0.08314269426244274	0.08314269426244274	bi_only	ridge_logreg	1	4
HALLMARK_IL2_STAT5_SIGNALING	0.08266694341578859	0.08266694341578859	bi_only	ridge_logreg	1	4
HALLMARK_ESTROGEN_RESPONSE_EARLY	-0.08256850812481706	0.08256850812481706	bi_only	ridge_logreg	1	4
HALLMARK_MYC_TARGETS_V1	0.0810828285939703	0.0810828285939703	bi_only	ridge_logreg	1	4
HALLMARK_GLYCOLYSIS	0.07765928013392953	0.07765928013392953	bi_only	ridge_logreg	1	4
HALLMARK_ESTROGEN_RESPONSE_LATE	-0.07077736404012051	0.07077736404012051	bi_only	ridge_logreg	1	4
HALLMARK_XENOBIOTIC_METABOLISM	-0.06117448992773052	0.06117448992773052	bi_only	ridge_logreg	1	4
HALLMARK_SPERMATOGENESIS	0.05550069343126133	0.05550069343126133	bi_only	ridge_logreg	1	4
TREG_MYELOID_SUPPRESSION	0.046949747771548714	0.046949747771548714	bi_only	ridge_logreg	1	4
HALLMARK_PEROXISOME	-0.04426905282902564	0.04426905282902564	bi_only	ridge_logreg	1	4
HALLMARK_ANDROGEN_RESPONSE	-0.04294682562173831	0.04294682562173831	bi_only	ridge_logreg	1	4
HALLMARK_APICAL_SURFACE	-0.04275928712535228	0.04275928712535228	bi_only	ridge_logreg	1	4
HALLMARK_DNA_REPAIR	0.04260566201744157	0.04260566201744157	bi_only	ridge_logreg	1	4
EMT	-0.040446253208872025	0.040446253208872025	bi_only	ridge_logreg	1	4
HALLMARK_HEDGEHOG_SIGNALING	-0.03787920424616009	0.03787920424616009	bi_only	ridge_logreg	1	4
HALLMARK_APICAL_JUNCTION	0.03632462498811913	0.03632462498811913	bi_only	ridge_logreg	1	4
HALLMARK_MYC_TARGETS_V2	0.03593862788893514	0.03593862788893514	bi_only	ridge_logreg	1	4
HALLMARK_IL6_JAK_STAT3_SIGNALING	0.035286746257982136	0.035286746257982136	bi_only	ridge_logreg	1	4
HALLMARK_PI3K_AKT_MTOR_SIGNALING	-0.03424176657281325	0.03424176657281325	bi_only	ridge_logreg	1	4
TGF_BETA_SIGNALING	-0.0329243687289554	0.0329243687289554	bi_only	ridge_logreg	1	4
HALLMARK_FATTY_ACID_METABOLISM	-0.03220753345650348	0.03220753345650348	bi_only	ridge_logreg	1	4
HALLMARK_MTORC1_SIGNALING	0.030051483643365653	0.030051483643365653	bi_only	ridge_logreg	1	4
HALLMARK_INFLAMMATORY_RESPONSE	0.029818615088151975	0.029818615088151975	bi_only	ridge_logreg	1	4
immune_balance_ratio	-0.028532022758397863	0.028532022758397863	bi_only	ridge_logreg	1	4
HALLMARK_TNFA_SIGNALING_VIA_NFKB	0.028417486186866604	0.028417486186866604	bi_only	ridge_logreg	1	4
HALLMARK_MYOGENESIS	0.023767178832452805	0.023767178832452805	bi_only	ridge_logreg	1	4
HALLMARK_ALLOGRAFT_REJECTION	0.023673978153600138	0.023673978153600138	bi_only	ridge_logreg	1	4
suppression	0.023282490728069833	0.023282490728069833	bi_only	ridge_logreg	1	4
ANTIGEN_PRESENTATION	0.02090311464838307	0.02090311464838307	bi_only	ridge_logreg	1	4
CD8_NK	0.020627399215240642	0.020627399215240642	bi_only	ridge_logreg	1	4
HALLMARK_TGF_BETA_SIGNALING	-0.015639342260641762	0.015639342260641762	bi_only	ridge_logreg	1	4
CYTOLYTIC_ACTIVITY	-0.014291549602451277	0.014291549602451277	bi_only	ridge_logreg	1	4
HALLMARK_UV_RESPONSE_DN	-0.014253777938745524	0.014253777938745524	bi_only	ridge_logreg	1	4
HALLMARK_COAGULATION	-0.013903391474425925	0.013903391474425925	bi_only	ridge_logreg	1	4
HALLMARK_KRAS_SIGNALING_UP	0.013361354358466936	0.013361354358466936	bi_only	ridge_logreg	1	4
HALLMARK_UNFOLDED_PROTEIN_RESPONSE	0.012987705447079712	0.012987705447079712	bi_only	ridge_logreg	1	4
HALLMARK_KRAS_SIGNALING_DN	0.011849454665383535	0.011849454665383535	bi_only	ridge_logreg	1	4
HALLMARK_INTERFERON_GAMMA_RESPONSE	0.011651111927739254	0.011651111927739254	bi_only	ridge_logreg	1	4
ANGIOGENESIS	0.011140427593737795	0.011140427593737795	bi_only	ridge_logreg	1	4
HALLMARK_COMPLEMENT	0.00939600456482403	0.00939600456482403	bi_only	ridge_logreg	1	4
HALLMARK_PANCREAS_BETA_CELLS	-0.009001700086748457	0.009001700086748457	bi_only	ridge_logreg	1	4
HALLMARK_NOTCH_SIGNALING	0.008834089000038231	0.008834089000038231	bi_only	ridge_logreg	1	4
HALLMARK_PROTEIN_SECRETION	-0.00828356926040325	0.00828356926040325	bi_only	ridge_logreg	1	4
HALLMARK_ADIPOGENESIS	0.007862434541473451	0.007862434541473451	bi_only	ridge_logreg	1	4
HALLMARK_APOPTOSIS	-0.006955325602290294	0.006955325602290294	bi_only	ridge_logreg	1	4
immune_balance_index	-0.0060539959381368845	0.0060539959381368845	bi_only	ridge_logreg	1	4
HALLMARK_EPITHELIAL_MESENCHYMAL_TRANSITION	-0.005145437319423462	0.005145437319423462	bi_only	ridge_logreg	1	4
IFNG_RESPONSE	-0.0051268091736100295	0.0051268091736100295	bi_only	ridge_logreg	1	4
T_CELL_INFLAMED	0.0051054264629084144	0.0051054264629084144	bi_only	ridge_logreg	1	4
HALLMARK_BILE_ACID_METABOLISM	0.004231720416534969	0.004231720416534969	bi_only	ridge_logreg	1	4
ECM_REMODELING	-0.004155494177981041	0.004155494177981041	bi_only	ridge_logreg	1	4
activation	0.0033418221716091994	0.0033418221716091994	bi_only	ridge_logreg	1	4
HALLMARK_REACTIVE_OXYGEN_SPECIES_PATHWAY	-0.0014035559238440984	0.0014035559238440984	bi_only	ridge_logreg	1	4
HALLMARK_OXIDATIVE_PHOSPHORYLATION	-0.0012547186710715136	0.0012547186710715136	bi_only	ridge_logreg	1	4
HALLMARK_INTERFERON_ALPHA_RESPONSE	-0.0008421789447078871	0.0008421789447078871	bi_only	ridge_logreg	1	4
HALLMARK_HEME_METABOLISM	-0.0005877921085409918	0.0005877921085409918	bi_only	ridge_logreg	1	4
HALLMARK_ANGIOGENESIS	0.00029612297548076453	0.00029612297548076453	bi_only	ridge_logreg	1	4
HALLMARK_MITOTIC_SPINDLE	0.13063410630289585	0.13063410630289585	bi_only	ridge_logreg	1	5
HALLMARK_WNT_BETA_CATENIN_SIGNALING	0.1197644612679034	0.1197644612679034	bi_only	ridge_logreg	1	5
HALLMARK_CHOLESTEROL_HOMEOSTASIS	0.11821074265906878	0.11821074265906878	bi_only	ridge_logreg	1	5
HALLMARK_ESTROGEN_RESPONSE_EARLY	-0.08989179920781763	0.08989179920781763	bi_only	ridge_logreg	1	5
HYPOXIA	0.08882975561378414	0.08882975561378414	bi_only	ridge_logreg	1	5
HALLMARK_G2M_CHECKPOINT	0.07871012996764774	0.07871012996764774	bi_only	ridge_logreg	1	5
HALLMARK_IL2_STAT5_SIGNALING	0.07805234675920744	0.07805234675920744	bi_only	ridge_logreg	1	5
TREG_MYELOID_SUPPRESSION	0.07535327558433082	0.07535327558433082	bi_only	ridge_logreg	1	5
HALLMARK_E2F_TARGETS	0.07174259003556129	0.07174259003556129	bi_only	ridge_logreg	1	5
HALLMARK_MYC_TARGETS_V1	0.07115704604794494	0.07115704604794494	bi_only	ridge_logreg	1	5
HALLMARK_ESTROGEN_RESPONSE_LATE	-0.05721156353913543	0.05721156353913543	bi_only	ridge_logreg	1	5
EMT	-0.0566439771958075	0.0566439771958075	bi_only	ridge_logreg	1	5
HALLMARK_P53_PATHWAY	0.0514194621819735	0.0514194621819735	bi_only	ridge_logreg	1	5
HALLMARK_GLYCOLYSIS	0.048407245925050954	0.048407245925050954	bi_only	ridge_logreg	1	5
ECM_REMODELING	-0.045839330475121474	0.045839330475121474	bi_only	ridge_logreg	1	5
HALLMARK_NOTCH_SIGNALING	0.04208285575093591	0.04208285575093591	bi_only	ridge_logreg	1	5
HALLMARK_MYOGENESIS	-0.04143074589191848	0.04143074589191848	bi_only	ridge_logreg	1	5
HALLMARK_HYPOXIA	0.04126800021211188	0.04126800021211188	bi_only	ridge_logreg	1	5
HALLMARK_EPITHELIAL_MESENCHYMAL_TRANSITION	-0.040586183190596765	0.040586183190596765	bi_only	ridge_logreg	1	5
HALLMARK_SPERMATOGENESIS	0.03793170255806291	0.03793170255806291	bi_only	ridge_logreg	1	5
HALLMARK_COAGULATION	-0.03594843817556656	0.03594843817556656	bi_only	ridge_logreg	1	5
HALLMARK_PROTEIN_SECRETION	0.035568617445776426	0.035568617445776426	bi_only	ridge_logreg	1	5
HALLMARK_HEME_METABOLISM	-0.03242790384253494	0.03242790384253494	bi_only	ridge_logreg	1	5
HALLMARK_KRAS_SIGNALING_DN	0.030799723594973145	0.030799723594973145	bi_only	ridge_logreg	1	5
HALLMARK_MTORC1_SIGNALING	0.030543278328940656	0.030543278328940656	bi_only	ridge_logreg	1	5
HALLMARK_IL6_JAK_STAT3_SIGNALING	0.02993529781725634	0.02993529781725634	bi_only	ridge_logreg	1	5
HALLMARK_HEDGEHOG_SIGNALING	-0.028289610490041427	0.028289610490041427	bi_only	ridge_logreg	1	5
HALLMARK_PEROXISOME	-0.027371119918274407	0.027371119918274407	bi_only	ridge_logreg	1	5
HALLMARK_XENOBIOTIC_METABOLISM	-0.026910927073952876	0.026910927073952876	bi_only	ridge_logreg	1	5
HALLMARK_BILE_ACID_METABOLISM	0.026619074262917566	0.026619074262917566	bi_only	ridge_logreg	1	5
HALLMARK_ANDROGEN_RESPONSE	-0.02639886704128236	0.02639886704128236	bi_only	ridge_logreg	1	5
HALLMARK_UV_RESPONSE_UP	0.024213635371019258	0.024213635371019258	bi_only	ridge_logreg	1	5
ANGIOGENESIS	0.0241726621859911	0.0241726621859911	bi_only	ridge_logreg	1	5
HALLMARK_REACTIVE_OXYGEN_SPECIES_PATHWAY	-0.0238442482984978	0.0238442482984978	bi_only	ridge_logreg	1	5
HALLMARK_ALLOGRAFT_REJECTION	0.023615447840960452	0.023615447840960452	bi_only	ridge_logreg	1	5
immune_balance_ratio	-0.023408660877638994	0.023408660877638994	bi_only	ridge_logreg	1	5
CD8_NK	0.021443011597607753	0.021443011597607753	bi_only	ridge_logreg	1	5
HALLMARK_MYC_TARGETS_V2	0.020967033384546974	0.020967033384546974	bi_only	ridge_logreg	1	5
HALLMARK_APOPTOSIS	-0.019855346401205547	0.019855346401205547	bi_only	ridge_logreg	1	5
TGF_BETA_SIGNALING	-0.019541982453157344	0.019541982453157344	bi_only	ridge_logreg	1	5
T_CELL_INFLAMED	0.019174338700371243	0.019174338700371243	bi_only	ridge_logreg	1	5
HALLMARK_ANGIOGENESIS	-0.019116002891295104	0.019116002891295104	bi_only	ridge_logreg	1	5
HALLMARK_PANCREAS_BETA_CELLS	0.01741463522961368	0.01741463522961368	bi_only	ridge_logreg	1	5
HALLMARK_APICAL_JUNCTION	0.01682264908747511	0.01682264908747511	bi_only	ridge_logreg	1	5
HALLMARK_INTERFERON_GAMMA_RESPONSE	0.01571051547455272	0.01571051547455272	bi_only	ridge_logreg	1	5
suppression	0.015517160072484779	0.015517160072484779	bi_only	ridge_logreg	1	5
HALLMARK_INFLAMMATORY_RESPONSE	0.014967045298411	0.014967045298411	bi_only	ridge_logreg	1	5
HALLMARK_OXIDATIVE_PHOSPHORYLATION	-0.013926491135509879	0.013926491135509879	bi_only	ridge_logreg	1	5
HALLMARK_PI3K_AKT_MTOR_SIGNALING	0.013638912236486679	0.013638912236486679	bi_only	ridge_logreg	1	5
HALLMARK_ADIPOGENESIS	0.012714679584907662	0.012714679584907662	bi_only	ridge_logreg	1	5
activation	0.012337868676569901	0.012337868676569901	bi_only	ridge_logreg	1	5
HALLMARK_APICAL_SURFACE	0.010891727659334719	0.010891727659334719	bi_only	ridge_logreg	1	5
HALLMARK_UNFOLDED_PROTEIN_RESPONSE	-0.010756769431027945	0.010756769431027945	bi_only	ridge_logreg	1	5
HALLMARK_KRAS_SIGNALING_UP	0.006936778361319731	0.006936778361319731	bi_only	ridge_logreg	1	5
immune_balance_index	0.0066196874165018755	0.0066196874165018755	bi_only	ridge_logreg	1	5
HALLMARK_INTERFERON_ALPHA_RESPONSE	0.006390208131426371	0.006390208131426371	bi_only	ridge_logreg	1	5
HALLMARK_DNA_REPAIR	0.005600342884532914	0.005600342884532914	bi_only	ridge_logreg	1	5
IFNG_RESPONSE	0.005171949590766544	0.005171949590766544	bi_only	ridge_logreg	1	5
HALLMARK_UV_RESPONSE_DN	0.005080327773216863	0.005080327773216863	bi_only	ridge_logreg	1	5
CYTOLYTIC_ACTIVITY	0.003610529389279086	0.003610529389279086	bi_only	ridge_logreg	1	5
ANTIGEN_PRESENTATION	0.0027054382296076923	0.0027054382296076923	bi_only	ridge_logreg	1	5
HALLMARK_TNFA_SIGNALING_VIA_NFKB	0.0017224125190715188	0.0017224125190715188	bi_only	ridge_logreg	1	5
HALLMARK_COMPLEMENT	0.0014210101649049858	0.0014210101649049858	bi_only	ridge_logreg	1	5
HALLMARK_TGF_BETA_SIGNALING	-0.0010599093633436505	0.0010599093633436505	bi_only	ridge_logreg	1	5
HALLMARK_FATTY_ACID_METABOLISM	0.0006262323892669665	0.0006262323892669665	bi_only	ridge_logreg	1	5
HALLMARK_MITOTIC_SPINDLE	0.13874829117871612	0.13874829117871612	bi_only	ridge_logreg	2	1
HYPOXIA	0.12448089691025109	0.12448089691025109	bi_only	ridge_logreg	2	1
HALLMARK_CHOLESTEROL_HOMEOSTASIS	0.1115290238807084	0.1115290238807084	bi_only	ridge_logreg	2	1
HALLMARK_ESTROGEN_RESPONSE_EARLY	-0.09991719761087609	0.09991719761087609	bi_only	ridge_logreg	2	1
HALLMARK_GLYCOLYSIS	0.09809094778104974	0.09809094778104974	bi_only	ridge_logreg	2	1
HALLMARK_WNT_BETA_CATENIN_SIGNALING	0.09484864544109468	0.09484864544109468	bi_only	ridge_logreg	2	1
HALLMARK_G2M_CHECKPOINT	0.08957426195342344	0.08957426195342344	bi_only	ridge_logreg	2	1
HALLMARK_HYPOXIA	0.08821140804255313	0.08821140804255313	bi_only	ridge_logreg	2	1
HALLMARK_E2F_TARGETS	0.0805793415864885	0.0805793415864885	bi_only	ridge_logreg	2	1
HALLMARK_KRAS_SIGNALING_DN	0.06899623595420674	0.06899623595420674	bi_only	ridge_logreg	2	1
HALLMARK_SPERMATOGENESIS	0.06769621901337534	0.06769621901337534	bi_only	ridge_logreg	2	1
TREG_MYELOID_SUPPRESSION	0.06720939079663722	0.06720939079663722	bi_only	ridge_logreg	2	1
HALLMARK_XENOBIOTIC_METABOLISM	-0.06613931873343727	0.06613931873343727	bi_only	ridge_logreg	2	1
EMT	-0.05999679187723551	0.05999679187723551	bi_only	ridge_logreg	2	1
HALLMARK_ESTROGEN_RESPONSE_LATE	-0.058328118478989416	0.058328118478989416	bi_only	ridge_logreg	2	1
HALLMARK_IL2_STAT5_SIGNALING	0.0580115192541119	0.0580115192541119	bi_only	ridge_logreg	2	1
HALLMARK_MYC_TARGETS_V1	0.05463418259612362	0.05463418259612362	bi_only	ridge_logreg	2	1
HALLMARK_P53_PATHWAY	0.049832066151280684	0.049832066151280684	bi_only	ridge_logreg	2	1
HALLMARK_PEROXISOME	-0.04502511178946884	0.04502511178946884	bi_only	ridge_logreg	2	1
HALLMARK_REACTIVE_OXYGEN_SPECIES_PATHWAY	-0.04376082475327429	0.04376082475327429	bi_only	ridge_logreg	2	1
ANTIGEN_PRESENTATION	0.04246839103657726	0.04246839103657726	bi_only	ridge_logreg	2	1
HALLMARK_ANDROGEN_RESPONSE	-0.04037081730244099	0.04037081730244099	bi_only	ridge_logreg	2	1
HALLMARK_HEDGEHOG_SIGNALING	-0.03806259547309788	0.03806259547309788	bi_only	ridge_logreg	2	1
HALLMARK_UV_RESPONSE_UP	0.03624465079334542	0.03624465079334542	bi_only	ridge_logreg	2	1
HALLMARK_NOTCH_SIGNALING	0.03617418194255955	0.03617418194255955	bi_only	ridge_logreg	2	1
immune_balance_ratio	-0.03483235315135228	0.03483235315135228	bi_only	ridge_logreg	2	1
ECM_REMODELING	-0.034735342023711285	0.034735342023711285	bi_only	ridge_logreg	2	1
HALLMARK_EPITHELIAL_MESENCHYMAL_TRANSITION	-0.03381260025779449	0.03381260025779449	bi_only	ridge_logreg	2	1
HALLMARK_APOPTOSIS	-0.03209464522267651	0.03209464522267651	bi_only	ridge_logreg	2	1
HALLMARK_UV_RESPONSE_DN	-0.02917744224361356	0.02917744224361356	bi_only	ridge_logreg	2	1
IFNG_RESPONSE	0.027949438229216552	0.027949438229216552	bi_only	ridge_logreg	2	1
suppression	0.027565133713848083	0.027565133713848083	bi_only	ridge_logreg	2	1
HALLMARK_ANGIOGENESIS	-0.027311562567127363	0.027311562567127363	bi_only	ridge_logreg	2	1
HALLMARK_FATTY_ACID_METABOLISM	-0.027091313358865714	0.027091313358865714	bi_only	ridge_logreg	2	1
HALLMARK_MTORC1_SIGNALING	0.026822828217671613	0.026822828217671613	bi_only	ridge_logreg	2	1
HALLMARK_HEME_METABOLISM	-0.026785260929699503	0.026785260929699503	bi_only	ridge_logreg	2	1
HALLMARK_APICAL_SURFACE	-0.023483731334036927	0.023483731334036927	bi_only	ridge_logreg	2	1
CYTOLYTIC_ACTIVITY	-0.022363330460508497	0.022363330460508497	bi_only	ridge_logreg	2	1
HALLMARK_IL6_JAK_STAT3_SIGNALING	0.01998140548928196	0.01998140548928196	bi_only	ridge_logreg	2	1
HALLMARK_PI3K_AKT_MTOR_SIGNALING	0.01912211975877739	0.01912211975877739	bi_only	ridge_logreg	2	1
HALLMARK_PANCREAS_BETA_CELLS	-0.018208716809529027	0.018208716809529027	bi_only	ridge_logreg	2	1
HALLMARK_MYC_TARGETS_V2	0.01597385758998908	0.01597385758998908	bi_only	ridge_logreg	2	1
ANGIOGENESIS	0.01464116623194019	0.01464116623194019	bi_only	ridge_logreg	2	1
HALLMARK_DNA_REPAIR	0.013199904464222237	0.013199904464222237	bi_only	ridge_logreg	2	1
HALLMARK_APICAL_JUNCTION	0.013144369397109518	0.013144369397109518	bi_only	ridge_logreg	2	1
HALLMARK_KRAS_SIGNALING_UP	0.013119349145274926	0.013119349145274926	bi_only	ridge_logreg	2	1
HALLMARK_COAGULATION	-0.011459298616858037	0.011459298616858037	bi_only	ridge_logreg	2	1
HALLMARK_UNFOLDED_PROTEIN_RESPONSE	-0.01083533060382038	0.01083533060382038	bi_only	ridge_logreg	2	1
HALLMARK_ADIPOGENESIS	0.009742767404302329	0.009742767404302329	bi_only	ridge_logreg	2	1
T_CELL_INFLAMED	0.009541560100533027	0.009541560100533027	bi_only	ridge_logreg	2	1
HALLMARK_INTERFERON_ALPHA_RESPONSE	-0.009003468332908486	0.009003468332908486	bi_only	ridge_logreg	2	1
HALLMARK_MYOGENESIS	0.008812247504634461	0.008812247504634461	bi_only	ridge_logreg	2	1
HALLMARK_TNFA_SIGNALING_VIA_NFKB	0.007960277307450112	0.007960277307450112	bi_only	ridge_logreg	2	1
HALLMARK_COMPLEMENT	0.007570874725948326	0.007570874725948326	bi_only	ridge_logreg	2	1
immune_balance_index	-0.006150529629000298	0.006150529629000298	bi_only	ridge_logreg	2	1
HALLMARK_PROTEIN_SECRETION	-0.005959935826676977	0.005959935826676977	bi_only	ridge_logreg	2	1
activation	0.005054754124112653	0.005054754124112653	bi_only	ridge_logreg	2	1
CD8_NK	0.004531639167891977	0.004531639167891977	bi_only	ridge_logreg	2	1
HALLMARK_TGF_BETA_SIGNALING	-0.004006658757295745	0.004006658757295745	bi_only	ridge_logreg	2	1
HALLMARK_INFLAMMATORY_RESPONSE	0.0034856340781390027	0.0034856340781390027	bi_only	ridge_logreg	2	1
HALLMARK_ALLOGRAFT_REJECTION	-0.003450574880374663	0.003450574880374663	bi_only	ridge_logreg	2	1
HALLMARK_BILE_ACID_METABOLISM	0.0032271225649779123	0.0032271225649779123	bi_only	ridge_logreg	2	1
TGF_BETA_SIGNALING	0.0029285535001399997	0.0029285535001399997	bi_only	ridge_logreg	2	1
HALLMARK_INTERFERON_GAMMA_RESPONSE	-0.002740440849678867	0.002740440849678867	bi_only	ridge_logreg	2	1
HALLMARK_OXIDATIVE_PHOSPHORYLATION	0.0012056929720393626	0.0012056929720393626	bi_only	ridge_logreg	2	1
HALLMARK_CHOLESTEROL_HOMEOSTASIS	0.13852996487998395	0.13852996487998395	bi_only	ridge_logreg	2	2
HALLMARK_MITOTIC_SPINDLE	0.10638992429882384	0.10638992429882384	bi_only	ridge_logreg	2	2
HALLMARK_WNT_BETA_CATENIN_SIGNALING	0.10629686177443712	0.10629686177443712	bi_only	ridge_logreg	2	2
HALLMARK_ESTROGEN_RESPONSE_EARLY	-0.10361974146135221	0.10361974146135221	bi_only	ridge_logreg	2	2
HALLMARK_P53_PATHWAY	0.08830605065698906	0.08830605065698906	bi_only	ridge_logreg	2	2
HYPOXIA	0.08487447877227025	0.08487447877227025	bi_only	ridge_logreg	2	2
HALLMARK_ESTROGEN_RESPONSE_LATE	-0.08278904230858561	0.08278904230858561	bi_only	ridge_logreg	2	2
HALLMARK_G2M_CHECKPOINT	0.07899991771004429	0.07899991771004429	bi_only	ridge_logreg	2	2
HALLMARK_E2F_TARGETS	0.0743689250080927	0.0743689250080927	bi_only	ridge_logreg	2	2
TREG_MYELOID_SUPPRESSION	0.07268355567003641	0.07268355567003641	bi_only	ridge_logreg	2	2
HALLMARK_HYPOXIA	0.0674615940209602	0.0674615940209602	bi_only	ridge_logreg	2	2
HALLMARK_XENOBIOTIC_METABOLISM	-0.06396173915130497	0.06396173915130497	bi_only	ridge_logreg	2	2
HALLMARK_MYC_TARGETS_V1	0.0637203072131196	0.0637203072131196	bi_only	ridge_logreg	2	2
ECM_REMODELING	-0.06308922972193538	0.06308922972193538	bi_only	ridge_logreg	2	2
HALLMARK_PANCREAS_BETA_CELLS	0.06259698431626157	0.06259698431626157	bi_only	ridge_logreg	2	2
HALLMARK_IL2_STAT5_SIGNALING	0.06079744260103927	0.06079744260103927	bi_only	ridge_logreg	2	2
HALLMARK_PEROXISOME	-0.05440396869532539	0.05440396869532539	bi_only	ridge_logreg	2	2
HALLMARK_GLYCOLYSIS	0.050544683095198904	0.050544683095198904	bi_only	ridge_logreg	2	2
HALLMARK_NOTCH_SIGNALING	0.048452947514611905	0.048452947514611905	bi_only	ridge_logreg	2	2
HALLMARK_PROTEIN_SECRETION	0.04503238400670949	0.04503238400670949	bi_only	ridge_logreg	2	2
HALLMARK_SPERMATOGENESIS	0.04384845979916652	0.04384845979916652	bi_only	ridge_logreg	2	2
HALLMARK_ANDROGEN_RESPONSE	-0.039880765333702495	0.039880765333702495	bi_only	ridge_logreg	2	2
HALLMARK_EPITHELIAL_MESENCHYMAL_TRANSITION	-0.03981277286916268	0.03981277286916268	bi_only	ridge_logreg	2	2
HALLMARK_HEDGEHOG_SIGNALING	-0.03510448018480713	0.03510448018480713	bi_only	ridge_logreg	2	2
HALLMARK_MTORC1_SIGNALING	0.033791096189410195	0.033791096189410195	bi_only	ridge_logreg	2	2
TGF_BETA_SIGNALING	-0.033620841808357046	0.033620841808357046	bi_only	ridge_logreg	2	2
HALLMARK_COAGULATION	-0.03329691270398692	0.03329691270398692	bi_only	ridge_logreg	2	2
HALLMARK_UV_RESPONSE_UP	0.033142467778928236	0.033142467778928236	bi_only	ridge_logreg	2	2
ANGIOGENESIS	0.03305294616075899	0.03305294616075899	bi_only	ridge_logreg	2	2
immune_balance_ratio	-0.03223222045284098	0.03223222045284098	bi_only	ridge_logreg	2	2
HALLMARK_IL6_JAK_STAT3_SIGNALING	0.031217794055408466	0.031217794055408466	bi_only	ridge_logreg	2	2
HALLMARK_FATTY_ACID_METABOLISM	-0.03051607954808003	0.03051607954808003	bi_only	ridge_logreg	2	2
HALLMARK_DNA_REPAIR	0.030341467399781583	0.030341467399781583	bi_only	ridge_logreg	2	2
HALLMARK_INFLAMMATORY_RESPONSE	0.027183333574519103	0.027183333574519103	bi_only	ridge_logreg	2	2
HALLMARK_KRAS_SIGNALING_DN	0.026759426444527987	0.026759426444527987	bi_only	ridge_logreg	2	2
CD8_NK	0.024797139600789574	0.024797139600789574	bi_only	ridge_logreg	2	2
HALLMARK_OXIDATIVE_PHOSPHORYLATION	0.023440866852258047	0.023440866852258047	bi_only	ridge_logreg	2	2
HALLMARK_APOPTOSIS	-0.021529991537106476	0.021529991537106476	bi_only	ridge_logreg	2	2
HALLMARK_MYOGENESIS	-0.020046230993650348	0.020046230993650348	bi_only	ridge_logreg	2	2
HALLMARK_REACTIVE_OXYGEN_SPECIES_PATHWAY	-0.018834414269872958	0.018834414269872958	bi_only	ridge_logreg	2	2
HALLMARK_UV_RESPONSE_DN	0.01741131326822533	0.01741131326822533	bi_only	ridge_logreg	2	2
HALLMARK_UNFOLDED_PROTEIN_RESPONSE	0.017064526203558264	0.017064526203558264	bi_only	ridge_logreg	2	2
HALLMARK_MYC_TARGETS_V2	0.01603118675520987	0.01603118675520987	bi_only	ridge_logreg	2	2
HALLMARK_HEME_METABOLISM	-0.015184505522961819	0.015184505522961819	bi_only	ridge_logreg	2	2
HALLMARK_TNFA_SIGNALING_VIA_NFKB	0.015030650048896341	0.015030650048896341	bi_only	ridge_logreg	2	2
suppression	0.01494040204785335	0.01494040204785335	bi_only	ridge_logreg	2	2
T_CELL_INFLAMED	0.014145197907829525	0.014145197907829525	bi_only	ridge_logreg	2	2
HALLMARK_TGF_BETA_SIGNALING	-0.013962951487206792	0.013962951487206792	bi_only	ridge_logreg	2	2
ANTIGEN_PRESENTATION	-0.013390060473568333	0.013390060473568333	bi_only	ridge_logreg	2	2
HALLMARK_KRAS_SIGNALING_UP	0.010730756938684064	0.010730756938684064	bi_only	ridge_logreg	2	2
IFNG_RESPONSE	-0.009783285869209698	0.009783285869209698	bi_only	ridge_logreg	2	2
HALLMARK_INTERFERON_ALPHA_RESPONSE	-0.009495253790290585	0.009495253790290585	bi_only	ridge_logreg	2	2
CYTOLYTIC_ACTIVITY	-0.009380622773868662	0.009380622773868662	bi_only	ridge_logreg	2	2
HALLMARK_ALLOGRAFT_REJECTION	0.009215423744140028	0.009215423744140028	bi_only	ridge_logreg	2	2
HALLMARK_APICAL_JUNCTION	0.008845780795778472	0.008845780795778472	bi_only	ridge_logreg	2	2
HALLMARK_PI3K_AKT_MTOR_SIGNALING	-0.006108293856520669	0.006108293856520669	bi_only	ridge_logreg	2	2
HALLMARK_ANGIOGENESIS	0.005582770500277437	0.005582770500277437	bi_only	ridge_logreg	2	2
HALLMARK_APICAL_SURFACE	0.005452681319973415	0.005452681319973415	bi_only	ridge_logreg	2	2
EMT	0.004575820557923734	0.004575820557923734	bi_only	ridge_logreg	2	2
activation	0.0033832511168467314	0.0033832511168467314	bi_only	ridge_logreg	2	2
HALLMARK_COMPLEMENT	0.0027333757023126812	0.0027333757023126812	bi_only	ridge_logreg	2	2
immune_balance_index	-0.002535125141925913	0.002535125141925913	bi_only	ridge_logreg	2	2
HALLMARK_INTERFERON_GAMMA_RESPONSE	0.0017502087557094636	0.0017502087557094636	bi_only	ridge_logreg	2	2
HALLMARK_BILE_ACID_METABOLISM	-0.0015581867596435178	0.0015581867596435178	bi_only	ridge_logreg	2	2
HALLMARK_ADIPOGENESIS	0.0009493664476604513	0.0009493664476604513	bi_only	ridge_logreg	2	2
HALLMARK_MITOTIC_SPINDLE	0.1326068646405145	0.1326068646405145	bi_only	ridge_logreg	2	3
HALLMARK_CHOLESTEROL_HOMEOSTASIS	0.11495827543431765	0.11495827543431765	bi_only	ridge_logreg	2	3
HALLMARK_WNT_BETA_CATENIN_SIGNALING	0.11014923876460728	0.11014923876460728	bi_only	ridge_logreg	2	3
HYPOXIA	0.10154256115185584	0.10154256115185584	bi_only	ridge_logreg	2	3
HALLMARK_UV_RESPONSE_UP	0.09050705409414554	0.09050705409414554	bi_only	ridge_logreg	2	3
HALLMARK_G2M_CHECKPOINT	0.08893622730363815	0.08893622730363815	bi_only	ridge_logreg	2	3
HALLMARK_HYPOXIA	0.08512357379870623	0.08512357379870623	bi_only	ridge_logreg	2	3
HALLMARK_E2F_TARGETS	0.08381192156138659	0.08381192156138659	bi_only	ridge_logreg	2	3
HALLMARK_P53_PATHWAY	0.08321681598422018	0.08321681598422018	bi_only	ridge_logreg	2	3
HALLMARK_ESTROGEN_RESPONSE_EARLY	-0.07161043100107986	0.07161043100107986	bi_only	ridge_logreg	2	3
HALLMARK_GLYCOLYSIS	0.06898634153994038	0.06898634153994038	bi_only	ridge_logreg	2	3
HALLMARK_IL2_STAT5_SIGNALING	0.06820419887338054	0.06820419887338054	bi_only	ridge_logreg	2	3
HALLMARK_MYC_TARGETS_V1	0.06686211609664494	0.06686211609664494	bi_only	ridge_logreg	2	3
TREG_MYELOID_SUPPRESSION	0.06280735973998391	0.06280735973998391	bi_only	ridge_logreg	2	3
HALLMARK_SPERMATOGENESIS	0.05854366616386661	0.05854366616386661	bi_only	ridge_logreg	2	3
HALLMARK_XENOBIOTIC_METABOLISM	-0.058450011205765415	0.058450011205765415	bi_only	ridge_logreg	2	3
HALLMARK_PEROXISOME	-0.05578458511262004	0.05578458511262004	bi_only	ridge_logreg	2	3
HALLMARK_ESTROGEN_RESPONSE_LATE	-0.05500661052971731	0.05500661052971731	bi_only	ridge_logreg	2	3
TGF_BETA_SIGNALING	-0.05407456223254981	0.05407456223254981	bi_only	ridge_logreg	2	3
HALLMARK_MTORC1_SIGNALING	0.05201392167179075	0.05201392167179075	bi_only	ridge_logreg	2	3
HALLMARK_TNFA_SIGNALING_VIA_NFKB	0.04926995403512949	0.04926995403512949	bi_only	ridge_logreg	2	3
HALLMARK_COAGULATION	-0.04376081211826498	0.04376081211826498	bi_only	ridge_logreg	2	3
HALLMARK_APOPTOSIS	-0.04328710908890273	0.04328710908890273	bi_only	ridge_logreg	2	3
HALLMARK_KRAS_SIGNALING_DN	0.03919211046526591	0.03919211046526591	bi_only	ridge_logreg	2	3
HALLMARK_PANCREAS_BETA_CELLS	-0.03801862312953246	0.03801862312953246	bi_only	ridge_logreg	2	3
HALLMARK_ANGIOGENESIS	-0.03472775699707335	0.03472775699707335	bi_only	ridge_logreg	2	3
HALLMARK_MYC_TARGETS_V2	0.03319914988083451	0.03319914988083451	bi_only	ridge_logreg	2	3
HALLMARK_UNFOLDED_PROTEIN_RESPONSE	0.033194757240785716	0.033194757240785716	bi_only	ridge_logreg	2	3
T_CELL_INFLAMED	0.03263832773057413	0.03263832773057413	bi_only	ridge_logreg	2	3
ANGIOGENESIS	0.032306225052186346	0.032306225052186346	bi_only	ridge_logreg	2	3
HALLMARK_INTERFERON_GAMMA_RESPONSE	0.030374367318501492	0.030374367318501492	bi_only	ridge_logreg	2	3
suppression	0.0298360447140088	0.0298360447140088	bi_only	ridge_logreg	2	3
HALLMARK_FATTY_ACID_METABOLISM	-0.026653350623355707	0.026653350623355707	bi_only	ridge_logreg	2	3
HALLMARK_EPITHELIAL_MESENCHYMAL_TRANSITION	-0.026419510892187022	0.026419510892187022	bi_only	ridge_logreg	2	3
ECM_REMODELING	-0.025574428073882625	0.025574428073882625	bi_only	ridge_logreg	2	3
HALLMARK_HEME_METABOLISM	-0.024008702580322616	0.024008702580322616	bi_only	ridge_logreg	2	3
HALLMARK_APICAL_SURFACE	-0.02329700849926753	0.02329700849926753	bi_only	ridge_logreg	2	3
immune_balance_ratio	-0.022800730540910287	0.022800730540910287	bi_only	ridge_logreg	2	3
HALLMARK_DNA_REPAIR	0.021619091416353188	0.021619091416353188	bi_only	ridge_logreg	2	3
HALLMARK_INTERFERON_ALPHA_RESPONSE	0.019374715577244805	0.019374715577244805	bi_only	ridge_logreg	2	3
CYTOLYTIC_ACTIVITY	-0.019033837911621224	0.019033837911621224	bi_only	ridge_logreg	2	3
HALLMARK_OXIDATIVE_PHOSPHORYLATION	-0.01852632962345361	0.01852632962345361	bi_only	ridge_logreg	2	3
HALLMARK_PROTEIN_SECRETION	-0.01760191681627963	0.01760191681627963	bi_only	ridge_logreg	2	3
HALLMARK_HEDGEHOG_SIGNALING	-0.017487675515980586	0.017487675515980586	bi_only	ridge_logreg	2	3
CD8_NK	0.017352703188111405	0.017352703188111405	bi_only	ridge_logreg	2	3
IFNG_RESPONSE	0.0171885141319235	0.0171885141319235	bi_only	ridge_logreg	2	3
HALLMARK_NOTCH_SIGNALING	0.016958899876783187	0.016958899876783187	bi_only	ridge_logreg	2	3
HALLMARK_IL6_JAK_STAT3_SIGNALING	0.01561291038234913	0.01561291038234913	bi_only	ridge_logreg	2	3
HALLMARK_UV_RESPONSE_DN	-0.01554982710816657	0.01554982710816657	bi_only	ridge_logreg	2	3
ANTIGEN_PRESENTATION	0.013329066942566152	0.013329066942566152	bi_only	ridge_logreg	2	3
HALLMARK_INFLAMMATORY_RESPONSE	0.012895097506124054	0.012895097506124054	bi_only	ridge_logreg	2	3
HALLMARK_APICAL_JUNCTION	0.012701292731244686	0.012701292731244686	bi_only	ridge_logreg	2	3
HALLMARK_ANDROGEN_RESPONSE	-0.012657990919398517	0.012657990919398517	bi_only	ridge_logreg	2	3
EMT	-0.011353063989747711	0.011353063989747711	bi_only	ridge_logreg	2	3
activation	0.009143645057208799	0.009143645057208799	bi_only	ridge_logreg	2	3
HALLMARK_ALLOGRAFT_REJECTION	0.008370693462136302	0.008370693462136302	bi_only	ridge_logreg	2	3
HALLMARK_PI3K_AKT_MTOR_SIGNALING	-0.008330050391312285	0.008330050391312285	bi_only	ridge_logreg	2	3
HALLMARK_COMPLEMENT	0.007319924301471612	0.007319924301471612	bi_only	ridge_logreg	2	3
HALLMARK_ADIPOGENESIS	-0.006843744100128197	0.006843744100128197	bi_only	ridge_logreg	2	3
HALLMARK_REACTIVE_OXYGEN_SPECIES_PATHWAY	-0.004838089839788713	0.004838089839788713	bi_only	ridge_logreg	2	3
HALLMARK_TGF_BETA_SIGNALING	0.003259365039793802	0.003259365039793802	bi_only	ridge_logreg	2	3
HALLMARK_BILE_ACID_METABOLISM	-0.0023970374588585083	0.0023970374588585083	bi_only	ridge_logreg	2	3
HALLMARK_MYOGENESIS	-0.0019584024549880842	0.0019584024549880842	bi_only	ridge_logreg	2	3
immune_balance_index	-0.001944322629225798	0.001944322629225798	bi_only	ridge_logreg	2	3
HALLMARK_KRAS_SIGNALING_UP	0.0014379292195257894	0.0014379292195257894	bi_only	ridge_logreg	2	3
HALLMARK_MITOTIC_SPINDLE	0.13048932938248786	0.13048932938248786	bi_only	ridge_logreg	2	4
HALLMARK_WNT_BETA_CATENIN_SIGNALING	0.12352057318878507	0.12352057318878507	bi_only	ridge_logreg	2	4
HYPOXIA	0.09869124937849279	0.09869124937849279	bi_only	ridge_logreg	2	4
HALLMARK_CHOLESTEROL_HOMEOSTASIS	0.09702147982997729	0.09702147982997729	bi_only	ridge_logreg	2	4
HALLMARK_IL2_STAT5_SIGNALING	0.08400018438302442	0.08400018438302442	bi_only	ridge_logreg	2	4
HALLMARK_G2M_CHECKPOINT	0.07602106510219553	0.07602106510219553	bi_only	ridge_logreg	2	4
HALLMARK_E2F_TARGETS	0.07148467094674664	0.07148467094674664	bi_only	ridge_logreg	2	4
TREG_MYELOID_SUPPRESSION	0.0705413161526923	0.0705413161526923	bi_only	ridge_logreg	2	4
EMT	-0.06772334578130343	0.06772334578130343	bi_only	ridge_logreg	2	4
HALLMARK_MYC_TARGETS_V1	0.06356241100293188	0.06356241100293188	bi_only	ridge_logreg	2	4
HALLMARK_ESTROGEN_RESPONSE_EARLY	-0.06276857967213677	0.06276857967213677	bi_only	ridge_logreg	2	4
TGF_BETA_SIGNALING	-0.05812764271469617	0.05812764271469617	bi_only	ridge_logreg	2	4
HALLMARK_REACTIVE_OXYGEN_SPECIES_PATHWAY	-0.05694490091505815	0.05694490091505815	bi_only	ridge_logreg	2	4
HALLMARK_UV_RESPONSE_UP	0.05631382960807181	0.05631382960807181	bi_only	ridge_logreg	2	4
HALLMARK_HEDGEHOG_SIGNALING	-0.05529420833414729	0.05529420833414729	bi_only	ridge_logreg	2	4
HALLMARK_PEROXISOME	-0.05352587149060473	0.05352587149060473	bi_only	ridge_logreg	2	4
HALLMARK_P53_PATHWAY	0.05073887433049465	0.05073887433049465	bi_only	ridge_logreg	2	4
HALLMARK_XENOBIOTIC_METABOLISM	-0.05005481682342793	0.05005481682342793	bi_only	ridge_logreg	2	4
HALLMARK_PROTEIN_SECRETION	0.04750374587661134	0.04750374587661134	bi_only	ridge_logreg	2	4
HALLMARK_NOTCH_SIGNALING	0.04672453209441989	0.04672453209441989	bi_only	ridge_logreg	2	4
HALLMARK_COAGULATION	-0.04396148218996333	0.04396148218996333	bi_only	ridge_logreg	2	4
HALLMARK_SPERMATOGENESIS	0.042680107565556076	0.042680107565556076	bi_only	ridge_logreg	2	4
HALLMARK_ESTROGEN_RESPONSE_LATE	-0.04237859704827026	0.04237859704827026	bi_only	ridge_logreg	2	4
HALLMARK_HYPOXIA	0.0413950407498802	0.0413950407498802	bi_only	ridge_logreg	2	4
immune_balance_ratio	-0.040764632217553734	0.040764632217553734	bi_only	ridge_logreg	2	4
HALLMARK_OXIDATIVE_PHOSPHORYLATION	-0.037658846401077944	0.037658846401077944	bi_only	ridge_logreg	2	4
HALLMARK_EPITHELIAL_MESENCHYMAL_TRANSITION	-0.03717062293114211	0.03717062293114211	bi_only	ridge_logreg	2	4
HALLMARK_GLYCOLYSIS	0.03602923944395536	0.03602923944395536	bi_only	ridge_logreg	2	4
HALLMARK_KRAS_SIGNALING_DN	0.03062245554207714	0.03062245554207714	bi_only	ridge_logreg	2	4
HALLMARK_TGF_BETA_SIGNALING	-0.027809835536281798	0.027809835536281798	bi_only	ridge_logreg	2	4
HALLMARK_FATTY_ACID_METABOLISM	-0.025998879564339047	0.025998879564339047	bi_only	ridge_logreg	2	4
HALLMARK_DNA_REPAIR	0.024233338159466614	0.024233338159466614	bi_only	ridge_logreg	2	4
HALLMARK_ALLOGRAFT_REJECTION	0.021273154780784464	0.021273154780784464	bi_only	ridge_logreg	2	4
HALLMARK_APOPTOSIS	-0.02085884320437986	0.02085884320437986	bi_only	ridge_logreg	2	4
HALLMARK_MYOGENESIS	-0.02069612282454353	0.02069612282454353	bi_only	ridge_logreg	2	4
HALLMARK_HEME_METABOLISM	-0.020465943720805603	0.020465943720805603	bi_only	ridge_logreg	2	4
ECM_REMODELING	-0.020188561757506218	0.020188561757506218	bi_only	ridge_logreg	2	4
ANTIGEN_PRESENTATION	0.01911475002629284	0.01911475002629284	bi_only	ridge_logreg	2	4
HALLMARK_INTERFERON_GAMMA_RESPONSE	0.015429263293582783	0.015429263293582783	bi_only	ridge_logreg	2	4
T_CELL_INFLAMED	0.014751252604274817	0.014751252604274817	bi_only	ridge_logreg	2	4
HALLMARK_COMPLEMENT	-0.014197896425098208	0.014197896425098208	bi_only	ridge_logreg	2	4
suppression	0.012773389527278954	0.012773389527278954	bi_only	ridge_logreg	2	4
HALLMARK_KRAS_SIGNALING_UP	0.011863192891964277	0.011863192891964277	bi_only	ridge_logreg	2	4
CD8_NK	0.011122322895584747	0.011122322895584747	bi_only	ridge_logreg	2	4
HALLMARK_INFLAMMATORY_RESPONSE	0.010514692136332299	0.010514692136332299	bi_only	ridge_logreg	2	4
HALLMARK_INTERFERON_ALPHA_RESPONSE	0.0098779959775069	0.0098779959775069	bi_only	ridge_logreg	2	4
HALLMARK_MTORC1_SIGNALING	0.009470869489928055	0.009470869489928055	bi_only	ridge_logreg	2	4
CYTOLYTIC_ACTIVITY	-0.009428885970457676	0.009428885970457676	bi_only	ridge_logreg	2	4
HALLMARK_MYC_TARGETS_V2	0.008884686262583708	0.008884686262583708	bi_only	ridge_logreg	2	4
HALLMARK_PI3K_AKT_MTOR_SIGNALING	-0.008654629018621213	0.008654629018621213	bi_only	ridge_logreg	2	4
HALLMARK_BILE_ACID_METABOLISM	0.007995554800224377	0.007995554800224377	bi_only	ridge_logreg	2	4
HALLMARK_ADIPOGENESIS	-0.0060434062229497805	0.0060434062229497805	bi_only	ridge_logreg	2	4
activation	0.005948453463196227	0.005948453463196227	bi_only	ridge_logreg	2	4
IFNG_RESPONSE	0.005494098475493951	0.005494098475493951	bi_only	ridge_logreg	2	4
HALLMARK_PANCREAS_BETA_CELLS	-0.005062588487959599	0.005062588487959599	bi_only	ridge_logreg	2	4
HALLMARK_APICAL_JUNCTION	0.004634666580926025	0.004634666580926025	bi_only	ridge_logreg	2	4
HALLMARK_ANDROGEN_RESPONSE	-0.0031975571806570845	0.0031975571806570845	bi_only	ridge_logreg	2	4
HALLMARK_IL6_JAK_STAT3_SIGNALING	0.003172018986223243	0.003172018986223243	bi_only	ridge_logreg	2	4
HALLMARK_UNFOLDED_PROTEIN_RESPONSE	-0.002805493887193576	0.002805493887193576	bi_only	ridge_logreg	2	4
HALLMARK_UV_RESPONSE_DN	-0.002433176143704108	0.002433176143704108	bi_only	ridge_logreg	2	4
ANGIOGENESIS	0.002320134275631276	0.002320134275631276	bi_only	ridge_logreg	2	4
HALLMARK_TNFA_SIGNALING_VIA_NFKB	-0.0017825657862879831	0.0017825657862879831	bi_only	ridge_logreg	2	4
immune_balance_index	0.0009776098402713926	0.0009776098402713926	bi_only	ridge_logreg	2	4
HALLMARK_APICAL_SURFACE	0.0009769125606038831	0.0009769125606038831	bi_only	ridge_logreg	2	4
HALLMARK_ANGIOGENESIS	0.0004088411127020006	0.0004088411127020006	bi_only	ridge_logreg	2	4
HALLMARK_MITOTIC_SPINDLE	0.11566920396563407	0.11566920396563407	bi_only	ridge_logreg	2	5
HALLMARK_WNT_BETA_CATENIN_SIGNALING	0.107117890908003	0.107117890908003	bi_only	ridge_logreg	2	5
HALLMARK_ESTROGEN_RESPONSE_EARLY	-0.0953467963868929	0.0953467963868929	bi_only	ridge_logreg	2	5
HALLMARK_CHOLESTEROL_HOMEOSTASIS	0.09399024875193178	0.09399024875193178	bi_only	ridge_logreg	2	5
HALLMARK_P53_PATHWAY	0.08697516694387646	0.08697516694387646	bi_only	ridge_logreg	2	5
HALLMARK_IL2_STAT5_SIGNALING	0.0868824124029504	0.0868824124029504	bi_only	ridge_logreg	2	5
HYPOXIA	0.08644630459873497	0.08644630459873497	bi_only	ridge_logreg	2	5
HALLMARK_G2M_CHECKPOINT	0.08397701912516409	0.08397701912516409	bi_only	ridge_logreg	2	5
HALLMARK_ESTROGEN_RESPONSE_LATE	-0.07944530930337121	0.07944530930337121	bi_only	ridge_logreg	2	5
TREG_MYELOID_SUPPRESSION	0.07859176042937914	0.07859176042937914	bi_only	ridge_logreg	2	5
HALLMARK_HYPOXIA	0.07790943909219739	0.07790943909219739	bi_only	ridge_logreg	2	5
HALLMARK_MYC_TARGETS_V1	0.07021482373219935	0.07021482373219935	bi_only	ridge_logreg	2	5
HALLMARK_E2F_TARGETS	0.06530384692525128	0.06530384692525128	bi_only	ridge_logreg	2	5
HALLMARK_GLYCOLYSIS	0.060297243029901956	0.060297243029901956	bi_only	ridge_logreg	2	5
HALLMARK_XENOBIOTIC_METABOLISM	-0.05038085461143057	0.05038085461143057	bi_only	ridge_logreg	2	5
ECM_REMODELING	-0.04691529948241113	0.04691529948241113	bi_only	ridge_logreg	2	5
HALLMARK_SPERMATOGENESIS	0.04610717560814537	0.04610717560814537	bi_only	ridge_logreg	2	5
HALLMARK_TNFA_SIGNALING_VIA_NFKB	0.04610242676255306	0.04610242676255306	bi_only	ridge_logreg	2	5
HALLMARK_UV_RESPONSE_UP	0.046070761324881235	0.046070761324881235	bi_only	ridge_logreg	2	5
EMT	-0.04462175359962912	0.04462175359962912	bi_only	ridge_logreg	2	5
HALLMARK_MYC_TARGETS_V2	0.04447519503987395	0.04447519503987395	bi_only	ridge_logreg	2	5
HALLMARK_INFLAMMATORY_RESPONSE	0.043372943177003756	0.043372943177003756	bi_only	ridge_logreg	2	5
HALLMARK_IL6_JAK_STAT3_SIGNALING	0.04260318308240274	0.04260318308240274	bi_only	ridge_logreg	2	5
HALLMARK_EPITHELIAL_MESENCHYMAL_TRANSITION	-0.0421705878449654	0.0421705878449654	bi_only	ridge_logreg	2	5
immune_balance_ratio	-0.03947053474970768	0.03947053474970768	bi_only	ridge_logreg	2	5
HALLMARK_REACTIVE_OXYGEN_SPECIES_PATHWAY	-0.03664355649282368	0.03664355649282368	bi_only	ridge_logreg	2	5
HALLMARK_COAGULATION	-0.03616434583256271	0.03616434583256271	bi_only	ridge_logreg	2	5
HALLMARK_PEROXISOME	-0.036085661036311466	0.036085661036311466	bi_only	ridge_logreg	2	5
HALLMARK_NOTCH_SIGNALING	0.03588224562243649	0.03588224562243649	bi_only	ridge_logreg	2	5
HALLMARK_ADIPOGENESIS	0.02970456662838244	0.02970456662838244	bi_only	ridge_logreg	2	5
HALLMARK_MTORC1_SIGNALING	0.028991256956401267	0.028991256956401267	bi_only	ridge_logreg	2	5
HALLMARK_ANGIOGENESIS	-0.026348566389348033	0.026348566389348033	bi_only	ridge_logreg	2	5
HALLMARK_PI3K_AKT_MTOR_SIGNALING	-0.02215086590326102	0.02215086590326102	bi_only	ridge_logreg	2	5
HALLMARK_MYOGENESIS	-0.021557831111228214	0.021557831111228214	bi_only	ridge_logreg	2	5
ANTIGEN_PRESENTATION	-0.02117612231066097	0.02117612231066097	bi_only	ridge_logreg	2	5
HALLMARK_HEME_METABOLISM	-0.020900076830109863	0.020900076830109863	bi_only	ridge_logreg	2	5
HALLMARK_ALLOGRAFT_REJECTION	0.020030446885705842	0.020030446885705842	bi_only	ridge_logreg	2	5
CD8_NK	0.01738136351732389	0.01738136351732389	bi_only	ridge_logreg	2	5
HALLMARK_UV_RESPONSE_DN	-0.01736268591327871	0.01736268591327871	bi_only	ridge_logreg	2	5
HALLMARK_APOPTOSIS	-0.017011928905299283	0.017011928905299283	bi_only	ridge_logreg	2	5
suppression	0.015542374866130854	0.015542374866130854	bi_only	ridge_logreg	2	5
HALLMARK_TGF_BETA_SIGNALING	-0.01475277360438	0.01475277360438	bi_only	ridge_logreg	2	5
HALLMARK_ANDROGEN_RESPONSE	-0.01458870013628203	0.01458870013628203	bi_only	ridge_logreg	2	5
HALLMARK_INTERFERON_GAMMA_RESPONSE	0.014173031448237967	0.014173031448237967	bi_only	ridge_logreg	2	5
HALLMARK_DNA_REPAIR	0.014164658904715207	0.014164658904715207	bi_only	ridge_logreg	2	5
HALLMARK_APICAL_SURFACE	-0.013256678408396033	0.013256678408396033	bi_only	ridge_logreg	2	5
HALLMARK_UNFOLDED_PROTEIN_RESPONSE	0.012024519135725805	0.012024519135725805	bi_only	ridge_logreg	2	5
HALLMARK_COMPLEMENT	0.011865193445655139	0.011865193445655139	bi_only	ridge_logreg	2	5
T_CELL_INFLAMED	0.010855813153792724	0.010855813153792724	bi_only	ridge_logreg	2	5
HALLMARK_PANCREAS_BETA_CELLS	-0.010168386943901698	0.010168386943901698	bi_only	ridge_logreg	2	5
CYTOLYTIC_ACTIVITY	-0.009904459340523706	0.009904459340523706	bi_only	ridge_logreg	2	5
HALLMARK_BILE_ACID_METABOLISM	0.009819447092422672	0.009819447092422672	bi_only	ridge_logreg	2	5
HALLMARK_FATTY_ACID_METABOLISM	-0.008908987004527021	0.008908987004527021	bi_only	ridge_logreg	2	5
HALLMARK_APICAL_JUNCTION	0.008199704957566526	0.008199704957566526	bi_only	ridge_logreg	2	5
IFNG_RESPONSE	-0.007488021680676723	0.007488021680676723	bi_only	ridge_logreg	2	5
immune_balance_index	-0.0066644479440874	0.0066644479440874	bi_only	ridge_logreg	2	5
HALLMARK_INTERFERON_ALPHA_RESPONSE	-0.005050122363184415	0.005050122363184415	bi_only	ridge_logreg	2	5
HALLMARK_PROTEIN_SECRETION	-0.003646290934063797	0.003646290934063797	bi_only	ridge_logreg	2	5
ANGIOGENESIS	0.0034697810427106847	0.0034697810427106847	bi_only	ridge_logreg	2	5
HALLMARK_OXIDATIVE_PHOSPHORYLATION	-0.002362560271477381	0.002362560271477381	bi_only	ridge_logreg	2	5
HALLMARK_HEDGEHOG_SIGNALING	0.0021850986820253454	0.0021850986820253454	bi_only	ridge_logreg	2	5
HALLMARK_KRAS_SIGNALING_UP	-0.002169391876006477	0.002169391876006477	bi_only	ridge_logreg	2	5
HALLMARK_KRAS_SIGNALING_DN	0.0016869901568823422	0.0016869901568823422	bi_only	ridge_logreg	2	5
TGF_BETA_SIGNALING	0.001051827214938366	0.001051827214938366	bi_only	ridge_logreg	2	5
activation	-0.0002051790621340691	0.0002051790621340691	bi_only	ridge_logreg	2	5
HALLMARK_MITOTIC_SPINDLE	0.1287259958380883	0.1287259958380883	bi_only	ridge_logreg	3	1
HYPOXIA	0.11442923852665055	0.11442923852665055	bi_only	ridge_logreg	3	1
HALLMARK_G2M_CHECKPOINT	0.10904276828140463	0.10904276828140463	bi_only	ridge_logreg	3	1
HALLMARK_WNT_BETA_CATENIN_SIGNALING	0.10136547398979025	0.10136547398979025	bi_only	ridge_logreg	3	1
HALLMARK_E2F_TARGETS	0.09432242776888282	0.09432242776888282	bi_only	ridge_logreg	3	1
HALLMARK_ESTROGEN_RESPONSE_EARLY	-0.09393618969463302	0.09393618969463302	bi_only	ridge_logreg	3	1
HALLMARK_CHOLESTEROL_HOMEOSTASIS	0.09293126328534532	0.09293126328534532	bi_only	ridge_logreg	3	1
HALLMARK_ESTROGEN_RESPONSE_LATE	-0.07821668111805483	0.07821668111805483	bi_only	ridge_logreg	3	1
HALLMARK_MYC_TARGETS_V1	0.07594738547880857	0.07594738547880857	bi_only	ridge_logreg	3	1
TREG_MYELOID_SUPPRESSION	0.0705945925987249	0.0705945925987249	bi_only	ridge_logreg	3	1
HALLMARK_P53_PATHWAY	0.069833720205232	0.069833720205232	bi_only	ridge_logreg	3	1
HALLMARK_GLYCOLYSIS	0.06838577844256409	0.06838577844256409	bi_only	ridge_logreg	3	1
HALLMARK_HYPOXIA	0.0643811119991464	0.0643811119991464	bi_only	ridge_logreg	3	1
HALLMARK_PEROXISOME	-0.05871938494014053	0.05871938494014053	bi_only	ridge_logreg	3	1
HALLMARK_SPERMATOGENESIS	0.055001173515728516	0.055001173515728516	bi_only	ridge_logreg	3	1
HALLMARK_IL2_STAT5_SIGNALING	0.05067601168135397	0.05067601168135397	bi_only	ridge_logreg	3	1
HALLMARK_DNA_REPAIR	0.05004239668679327	0.05004239668679327	bi_only	ridge_logreg	3	1
HALLMARK_UV_RESPONSE_UP	0.0440308943160596	0.0440308943160596	bi_only	ridge_logreg	3	1
HALLMARK_XENOBIOTIC_METABOLISM	-0.04229721835129039	0.04229721835129039	bi_only	ridge_logreg	3	1
TGF_BETA_SIGNALING	-0.04153848614796439	0.04153848614796439	bi_only	ridge_logreg	3	1
HALLMARK_MYC_TARGETS_V2	0.04052575564950601	0.04052575564950601	bi_only	ridge_logreg	3	1
HALLMARK_KRAS_SIGNALING_DN	0.03913501708001795	0.03913501708001795	bi_only	ridge_logreg	3	1
HALLMARK_ANDROGEN_RESPONSE	-0.03886273241935659	0.03886273241935659	bi_only	ridge_logreg	3	1
HALLMARK_TGF_BETA_SIGNALING	-0.035263340162259946	0.035263340162259946	bi_only	ridge_logreg	3	1
HALLMARK_MTORC1_SIGNALING	0.034876308866594034	0.034876308866594034	bi_only	ridge_logreg	3	1
HALLMARK_BILE_ACID_METABOLISM	0.03321420189246323	0.03321420189246323	bi_only	ridge_logreg	3	1
suppression	0.0329294859508372	0.0329294859508372	bi_only	ridge_logreg	3	1
HALLMARK_INFLAMMATORY_RESPONSE	0.03230346522397593	0.03230346522397593	bi_only	ridge_logreg	3	1
HALLMARK_APOPTOSIS	-0.02994566195267749	0.02994566195267749	bi_only	ridge_logreg	3	1
HALLMARK_IL6_JAK_STAT3_SIGNALING	0.02986855451719472	0.02986855451719472	bi_only	ridge_logreg	3	1
HALLMARK_APICAL_SURFACE	-0.02688521143647175	0.02688521143647175	bi_only	ridge_logreg	3	1
HALLMARK_FATTY_ACID_METABOLISM	-0.026381578124892294	0.026381578124892294	bi_only	ridge_logreg	3	1
ECM_REMODELING	-0.026152396465650412	0.026152396465650412	bi_only	ridge_logreg	3	1
HALLMARK_COAGULATION	-0.026022049643178176	0.026022049643178176	bi_only	ridge_logreg	3	1
HALLMARK_PROTEIN_SECRETION	-0.02562340471511827	0.02562340471511827	bi_only	ridge_logreg	3	1
immune_balance_ratio	-0.02542564751450896	0.02542564751450896	bi_only	ridge_logreg	3	1
HALLMARK_UV_RESPONSE_DN	-0.02294116740758633	0.02294116740758633	bi_only	ridge_logreg	3	1
HALLMARK_PI3K_AKT_MTOR_SIGNALING	-0.02252123013632858	0.02252123013632858	bi_only	ridge_logreg	3	1
EMT	-0.022370912965236057	0.022370912965236057	bi_only	ridge_logreg	3	1
HALLMARK_HEDGEHOG_SIGNALING	-0.02232650808179252	0.02232650808179252	bi_only	ridge_logreg	3	1
HALLMARK_EPITHELIAL_MESENCHYMAL_TRANSITION	-0.022116418543523836	0.022116418543523836	bi_only	ridge_logreg	3	1
ANGIOGENESIS	0.021125771095968797	0.021125771095968797	bi_only	ridge_logreg	3	1
HALLMARK_TNFA_SIGNALING_VIA_NFKB	0.02075658431841346	0.02075658431841346	bi_only	ridge_logreg	3	1
HALLMARK_ALLOGRAFT_REJECTION	0.02072352628574501	0.02072352628574501	bi_only	ridge_logreg	3	1
CD8_NK	0.020084377953721564	0.020084377953721564	bi_only	ridge_logreg	3	1
HALLMARK_INTERFERON_GAMMA_RESPONSE	0.019950599842159616	0.019950599842159616	bi_only	ridge_logreg	3	1
HALLMARK_REACTIVE_OXYGEN_SPECIES_PATHWAY	-0.01958643769939476	0.01958643769939476	bi_only	ridge_logreg	3	1
CYTOLYTIC_ACTIVITY	-0.01716529816406807	0.01716529816406807	bi_only	ridge_logreg	3	1
T_CELL_INFLAMED	0.016999731407361128	0.016999731407361128	bi_only	ridge_logreg	3	1
ANTIGEN_PRESENTATION	0.016344289121377358	0.016344289121377358	bi_only	ridge_logreg	3	1
HALLMARK_OXIDATIVE_PHOSPHORYLATION	-0.015780467842875893	0.015780467842875893	bi_only	ridge_logreg	3	1
IFNG_RESPONSE	0.013481385025179688	0.013481385025179688	bi_only	ridge_logreg	3	1
HALLMARK_HEME_METABOLISM	-0.013038817435086754	0.013038817435086754	bi_only	ridge_logreg	3	1
HALLMARK_UNFOLDED_PROTEIN_RESPONSE	0.012680232017850917	0.012680232017850917	bi_only	ridge_logreg	3	1
HALLMARK_NOTCH_SIGNALING	0.010174349663660842	0.010174349663660842	bi_only	ridge_logreg	3	1
HALLMARK_PANCREAS_BETA_CELLS	0.00999460697496868	0.00999460697496868	bi_only	ridge_logreg	3	1
HALLMARK_ANGIOGENESIS	-0.00962653700495657	0.00962653700495657	bi_only	ridge_logreg	3	1
activation	0.007130066029656516	0.007130066029656516	bi_only	ridge_logreg	3	1
HALLMARK_KRAS_SIGNALING_UP	0.006136454241328698	0.006136454241328698	bi_only	ridge_logreg	3	1
immune_balance_index	-0.005450556965734854	0.005450556965734854	bi_only	ridge_logreg	3	1
HALLMARK_INTERFERON_ALPHA_RESPONSE	0.005362458829382986	0.005362458829382986	bi_only	ridge_logreg	3	1
HALLMARK_MYOGENESIS	-0.003737641108610645	0.003737641108610645	bi_only	ridge_logreg	3	1
HALLMARK_COMPLEMENT	0.0017817771404637992	0.0017817771404637992	bi_only	ridge_logreg	3	1
HALLMARK_APICAL_JUNCTION	-0.0014528631035277079	0.0014528631035277079	bi_only	ridge_logreg	3	1
HALLMARK_ADIPOGENESIS	-0.0005479730728374766	0.0005479730728374766	bi_only	ridge_logreg	3	1
HALLMARK_CHOLESTEROL_HOMEOSTASIS	0.14340383585250127	0.14340383585250127	bi_only	ridge_logreg	3	2
HALLMARK_WNT_BETA_CATENIN_SIGNALING	0.13820354002797922	0.13820354002797922	bi_only	ridge_logreg	3	2
HALLMARK_MITOTIC_SPINDLE	0.1098096184027505	0.1098096184027505	bi_only	ridge_logreg	3	2
HYPOXIA	0.08788939177680832	0.08788939177680832	bi_only	ridge_logreg	3	2
HALLMARK_P53_PATHWAY	0.07881146598980317	0.07881146598980317	bi_only	ridge_logreg	3	2
TREG_MYELOID_SUPPRESSION	0.0763938168557601	0.0763938168557601	bi_only	ridge_logreg	3	2
HALLMARK_ESTROGEN_RESPONSE_EARLY	-0.07631800922753791	0.07631800922753791	bi_only	ridge_logreg	3	2
HALLMARK_NOTCH_SIGNALING	0.07424238703968396	0.07424238703968396	bi_only	ridge_logreg	3	2
HALLMARK_REACTIVE_OXYGEN_SPECIES_PATHWAY	-0.07243098734177957	0.07243098734177957	bi_only	ridge_logreg	3	2
HALLMARK_HYPOXIA	0.06969823121134353	0.06969823121134353	bi_only	ridge_logreg	3	2
HALLMARK_XENOBIOTIC_METABOLISM	-0.06710638467531922	0.06710638467531922	bi_only	ridge_logreg	3	2
HALLMARK_SPERMATOGENESIS	0.0651203184063297	0.0651203184063297	bi_only	ridge_logreg	3	2
HALLMARK_G2M_CHECKPOINT	0.06118419232813816	0.06118419232813816	bi_only	ridge_logreg	3	2
HALLMARK_IL2_STAT5_SIGNALING	0.05878681574720032	0.05878681574720032	bi_only	ridge_logreg	3	2
HALLMARK_MYC_TARGETS_V1	0.05851069771573312	0.05851069771573312	bi_only	ridge_logreg	3	2
HALLMARK_KRAS_SIGNALING_DN	0.054479093153650154	0.054479093153650154	bi_only	ridge_logreg	3	2
HALLMARK_ESTROGEN_RESPONSE_LATE	-0.053604281459993366	0.053604281459993366	bi_only	ridge_logreg	3	2
HALLMARK_UV_RESPONSE_UP	0.052003147823736114	0.052003147823736114	bi_only	ridge_logreg	3	2
HALLMARK_PEROXISOME	-0.05045133987178389	0.05045133987178389	bi_only	ridge_logreg	3	2
HALLMARK_TNFA_SIGNALING_VIA_NFKB	0.04970184201040472	0.04970184201040472	bi_only	ridge_logreg	3	2
ECM_REMODELING	-0.048677273833226856	0.048677273833226856	bi_only	ridge_logreg	3	2
HALLMARK_E2F_TARGETS	0.04699469648395699	0.04699469648395699	bi_only	ridge_logreg	3	2
HALLMARK_GLYCOLYSIS	0.045677705324660374	0.045677705324660374	bi_only	ridge_logreg	3	2
ANGIOGENESIS	0.04385954030227278	0.04385954030227278	bi_only	ridge_logreg	3	2
HALLMARK_EPITHELIAL_MESENCHYMAL_TRANSITION	-0.03915128251988852	0.03915128251988852	bi_only	ridge_logreg	3	2
EMT	-0.03827623764509457	0.03827623764509457	bi_only	ridge_logreg	3	2
HALLMARK_MYC_TARGETS_V2	0.03642438966397336	0.03642438966397336	bi_only	ridge_logreg	3	2
HALLMARK_COAGULATION	-0.03564209177750201	0.03564209177750201	bi_only	ridge_logreg	3	2
immune_balance_ratio	-0.03028418097904797	0.03028418097904797	bi_only	ridge_logreg	3	2
TGF_BETA_SIGNALING	-0.026686928592789174	0.026686928592789174	bi_only	ridge_logreg	3	2
HALLMARK_PANCREAS_BETA_CELLS	-0.026203450163551686	0.026203450163551686	bi_only	ridge_logreg	3	2
HALLMARK_APOPTOSIS	-0.025845354175868796	0.025845354175868796	bi_only	ridge_logreg	3	2
T_CELL_INFLAMED	0.02481777607509742	0.02481777607509742	bi_only	ridge_logreg	3	2
HALLMARK_UNFOLDED_PROTEIN_RESPONSE	0.02453843110680364	0.02453843110680364	bi_only	ridge_logreg	3	2
HALLMARK_HEME_METABOLISM	-0.022867571954092766	0.022867571954092766	bi_only	ridge_logreg	3	2
suppression	0.022246050604134825	0.022246050604134825	bi_only	ridge_logreg	3	2
HALLMARK_ANDROGEN_RESPONSE	-0.02134008566361841	0.02134008566361841	bi_only	ridge_logreg	3	2
HALLMARK_FATTY_ACID_METABOLISM	-0.020791656539273985	0.020791656539273985	bi_only	ridge_logreg	3	2
HALLMARK_ANGIOGENESIS	-0.019620577243792958	0.019620577243792958	bi_only	ridge_logreg	3	2
CD8_NK	0.01928822402822907	0.01928822402822907	bi_only	ridge_logreg	3	2
HALLMARK_APICAL_JUNCTION	0.018975114945988816	0.018975114945988816	bi_only	ridge_logreg	3	2
HALLMARK_IL6_JAK_STAT3_SIGNALING	0.017773939978708814	0.017773939978708814	bi_only	ridge_logreg	3	2
HALLMARK_INFLAMMATORY_RESPONSE	0.01707551877276738	0.01707551877276738	bi_only	ridge_logreg	3	2
CYTOLYTIC_ACTIVITY	-0.016430962388293363	0.016430962388293363	bi_only	ridge_logreg	3	2
HALLMARK_ADIPOGENESIS	0.016092049463502955	0.016092049463502955	bi_only	ridge_logreg	3	2
HALLMARK_MTORC1_SIGNALING	0.015172307132380589	0.015172307132380589	bi_only	ridge_logreg	3	2
HALLMARK_PROTEIN_SECRETION	0.011978240072384114	0.011978240072384114	bi_only	ridge_logreg	3	2
IFNG_RESPONSE	0.01107532007187303	0.01107532007187303	bi_only	ridge_logreg	3	2
HALLMARK_APICAL_SURFACE	0.009604587032427942	0.009604587032427942	bi_only	ridge_logreg	3	2
ANTIGEN_PRESENTATION	0.009182236418869399	0.009182236418869399	bi_only	ridge_logreg	3	2
HALLMARK_COMPLEMENT	-0.007955667319017977	0.007955667319017977	bi_only	ridge_logreg	3	2
HALLMARK_UV_RESPONSE_DN	-0.007507122418020987	0.007507122418020987	bi_only	ridge_logreg	3	2
activation	0.007505342406089144	0.007505342406089144	bi_only	ridge_logreg	3	2
HALLMARK_INTERFERON_ALPHA_RESPONSE	-0.006151111806340096	0.006151111806340096	bi_only	ridge_logreg	3	2
HALLMARK_PI3K_AKT_MTOR_SIGNALING	-0.005954160564598966	0.005954160564598966	bi_only	ridge_logreg	3	2
HALLMARK_INTERFERON_GAMMA_RESPONSE	0.005919120861340661	0.005919120861340661	bi_only	ridge_logreg	3	2
HALLMARK_MYOGENESIS	0.004955852461015831	0.004955852461015831	bi_only	ridge_logreg	3	2
HALLMARK_ALLOGRAFT_REJECTION	0.004848608995076972	0.004848608995076972	bi_only	ridge_logreg	3	2
HALLMARK_DNA_REPAIR	0.003904361268059898	0.003904361268059898	bi_only	ridge_logreg	3	2
HALLMARK_OXIDATIVE_PHOSPHORYLATION	-0.0034947251616980718	0.0034947251616980718	bi_only	ridge_logreg	3	2
HALLMARK_HEDGEHOG_SIGNALING	-0.003460531527451166	0.003460531527451166	bi_only	ridge_logreg	3	2
HALLMARK_TGF_BETA_SIGNALING	0.003433858951168995	0.003433858951168995	bi_only	ridge_logreg	3	2
HALLMARK_KRAS_SIGNALING_UP	0.003249273246372807	0.003249273246372807	bi_only	ridge_logreg	3	2
immune_balance_index	-0.0011841651781782276	0.0011841651781782276	bi_only	ridge_logreg	3	2
HALLMARK_BILE_ACID_METABOLISM	0.0005715379291171323	0.0005715379291171323	bi_only	ridge_logreg	3	2
HALLMARK_CHOLESTEROL_HOMEOSTASIS	0.12245745673264256	0.12245745673264256	bi_only	ridge_logreg	3	3
HALLMARK_MITOTIC_SPINDLE	0.12113969615393441	0.12113969615393441	bi_only	ridge_logreg	3	3
HALLMARK_WNT_BETA_CATENIN_SIGNALING	0.1102910726463422	0.1102910726463422	bi_only	ridge_logreg	3	3
HALLMARK_G2M_CHECKPOINT	0.08184087202660946	0.08184087202660946	bi_only	ridge_logreg	3	3
HALLMARK_ESTROGEN_RESPONSE_EARLY	-0.08136655466520022	0.08136655466520022	bi_only	ridge_logreg	3	3
HALLMARK_IL2_STAT5_SIGNALING	0.07828810299400321	0.07828810299400321	bi_only	ridge_logreg	3	3
HALLMARK_P53_PATHWAY	0.07774663317200341	0.07774663317200341	bi_only	ridge_logreg	3	3
HALLMARK_E2F_TARGETS	0.073345051913721	0.073345051913721	bi_only	ridge_logreg	3	3
HALLMARK_HYPOXIA	0.07017724662071904	0.07017724662071904	bi_only	ridge_logreg	3	3
HALLMARK_GLYCOLYSIS	0.06903394463249855	0.06903394463249855	bi_only	ridge_logreg	3	3
HYPOXIA	0.06876651291254432	0.06876651291254432	bi_only	ridge_logreg	3	3
HALLMARK_UV_RESPONSE_UP	0.06704960010066684	0.06704960010066684	bi_only	ridge_logreg	3	3
HALLMARK_MYC_TARGETS_V1	0.06502570929447213	0.06502570929447213	bi_only	ridge_logreg	3	3
TREG_MYELOID_SUPPRESSION	0.05573811441927453	0.05573811441927453	bi_only	ridge_logreg	3	3
HALLMARK_XENOBIOTIC_METABOLISM	-0.053732721548126285	0.053732721548126285	bi_only	ridge_logreg	3	3
HALLMARK_ESTROGEN_RESPONSE_LATE	-0.05222995076429784	0.05222995076429784	bi_only	ridge_logreg	3	3
HALLMARK_NOTCH_SIGNALING	0.050357929041527034	0.050357929041527034	bi_only	ridge_logreg	3	3
EMT	-0.04798807944038817	0.04798807944038817	bi_only	ridge_logreg	3	3
HALLMARK_TNFA_SIGNALING_VIA_NFKB	0.04616553442859643	0.04616553442859643	bi_only	ridge_logreg	3	3
HALLMARK_KRAS_SIGNALING_DN	0.04427411235350087	0.04427411235350087	bi_only	ridge_logreg	3	3
HALLMARK_SPERMATOGENESIS	0.04321710102799813	0.04321710102799813	bi_only	ridge_logreg	3	3
HALLMARK_PEROXISOME	-0.040476192698523365	0.040476192698523365	bi_only	ridge_logreg	3	3
HALLMARK_MTORC1_SIGNALING	0.03954649517493204	0.03954649517493204	bi_only	ridge_logreg	3	3
HALLMARK_EPITHELIAL_MESENCHYMAL_TRANSITION	-0.038623300075202364	0.038623300075202364	bi_only	ridge_logreg	3	3
immune_balance_ratio	-0.03755837446260969	0.03755837446260969	bi_only	ridge_logreg	3	3
HALLMARK_COAGULATION	-0.0370368529864455	0.0370368529864455	bi_only	ridge_logreg	3	3
HALLMARK_HEDGEHOG_SIGNALING	-0.03646156989593712	0.03646156989593712	bi_only	ridge_logreg	3	3
HALLMARK_ANDROGEN_RESPONSE	-0.03201180325546443	0.03201180325546443	bi_only	ridge_logreg	3	3
HALLMARK_REACTIVE_OXYGEN_SPECIES_PATHWAY	-0.029223342112065554	0.029223342112065554	bi_only	ridge_logreg	3	3
CYTOLYTIC_ACTIVITY	-0.028549733360671938	0.028549733360671938	bi_only	ridge_logreg	3	3
HALLMARK_MYC_TARGETS_V2	0.028448830649224103	0.028448830649224103	bi_only	ridge_logreg	3	3
TGF_BETA_SIGNALING	-0.028413592362871217	0.028413592362871217	bi_only	ridge_logreg	3	3
HALLMARK_ANGIOGENESIS	-0.02778942958072986	0.02778942958072986	bi_only	ridge_logreg	3	3
HALLMARK_INFLAMMATORY_RESPONSE	0.02512164361861048	0.02512164361861048	bi_only	ridge_logreg	3	3
HALLMARK_IL6_JAK_STAT3_SIGNALING	0.023653458189883948	0.023653458189883948	bi_only	ridge_logreg	3	3
HALLMARK_PROTEIN_SECRETION	0.022412392653987305	0.022412392653987305	bi_only	ridge_logreg	3	3
HALLMARK_APOPTOSIS	-0.018579936788627353	0.018579936788627353	bi_only	ridge_logreg	3	3
HALLMARK_DNA_REPAIR	0.018468540453728192	0.018468540453728192	bi_only	ridge_logreg	3	3
HALLMARK_INTERFERON_GAMMA_RESPONSE	0.017430262870497166	0.017430262870497166	bi_only	ridge_logreg	3	3
ECM_REMODELING	-0.01705165815056559	0.01705165815056559	bi_only	ridge_logreg	3	3
HALLMARK_UV_RESPONSE_DN	-0.016734279091786344	0.016734279091786344	bi_only	ridge_logreg	3	3
HALLMARK_HEME_METABOLISM	-0.015871485068739127	0.015871485068739127	bi_only	ridge_logreg	3	3
immune_balance_index	-0.01564936608060007	0.01564936608060007	bi_only	ridge_logreg	3	3
HALLMARK_ADIPOGENESIS	0.01551569099383999	0.01551569099383999	bi_only	ridge_logreg	3	3
HALLMARK_APICAL_SURFACE	-0.013083378783462728	0.013083378783462728	bi_only	ridge_logreg	3	3
HALLMARK_UNFOLDED_PROTEIN_RESPONSE	-0.012739947467045754	0.012739947467045754	bi_only	ridge_logreg	3	3
activation	-0.011979422461355093	0.011979422461355093	bi_only	ridge_logreg	3	3
HALLMARK_FATTY_ACID_METABOLISM	-0.011826353992489548	0.011826353992489548	bi_only	ridge_logreg	3	3
HALLMARK_TGF_BETA_SIGNALING	-0.010554645984533957	0.010554645984533957	bi_only	ridge_logreg	3	3
IFNG_RESPONSE	-0.010397938733664236	0.010397938733664236	bi_only	ridge_logreg	3	3
HALLMARK_PANCREAS_BETA_CELLS	-0.009200975222645572	0.009200975222645572	bi_only	ridge_logreg	3	3
suppression	0.008684073696405458	0.008684073696405458	bi_only	ridge_logreg	3	3
HALLMARK_MYOGENESIS	-0.008652826221584607	0.008652826221584607	bi_only	ridge_logreg	3	3
T_CELL_INFLAMED	-0.008298714348128167	0.008298714348128167	bi_only	ridge_logreg	3	3
CD8_NK	0.007527470023724616	0.007527470023724616	bi_only	ridge_logreg	3	3
HALLMARK_ALLOGRAFT_REJECTION	0.007143688317248182	0.007143688317248182	bi_only	ridge_logreg	3	3
HALLMARK_KRAS_SIGNALING_UP	0.007097528058838545	0.007097528058838545	bi_only	ridge_logreg	3	3
ANTIGEN_PRESENTATION	-0.00688196764866237	0.00688196764866237	bi_only	ridge_logreg	3	3
ANGIOGENESIS	-0.006572445999726504	0.006572445999726504	bi_only	ridge_logreg	3	3
HALLMARK_APICAL_JUNCTION	0.00457312667501165	0.00457312667501165	bi_only	ridge_logreg	3	3
HALLMARK_OXIDATIVE_PHOSPHORYLATION	0.004003500119315653	0.004003500119315653	bi_only	ridge_logreg	3	3
HALLMARK_PI3K_AKT_MTOR_SIGNALING	-0.0038845580265128416	0.0038845580265128416	bi_only	ridge_logreg	3	3
HALLMARK_INTERFERON_ALPHA_RESPONSE	0.003452553144058131	0.003452553144058131	bi_only	ridge_logreg	3	3
HALLMARK_COMPLEMENT	0.0030353747100844747	0.0030353747100844747	bi_only	ridge_logreg	3	3
HALLMARK_BILE_ACID_METABOLISM	-0.0020777708542778343	0.0020777708542778343	bi_only	ridge_logreg	3	3
HALLMARK_MITOTIC_SPINDLE	0.1256618607329572	0.1256618607329572	bi_only	ridge_logreg	3	4
HALLMARK_CHOLESTEROL_HOMEOSTASIS	0.11359392027403599	0.11359392027403599	bi_only	ridge_logreg	3	4
HALLMARK_HYPOXIA	0.09812244747257816	0.09812244747257816	bi_only	ridge_logreg	3	4
HYPOXIA	0.09753967643349949	0.09753967643349949	bi_only	ridge_logreg	3	4
HALLMARK_IL2_STAT5_SIGNALING	0.09201056712038322	0.09201056712038322	bi_only	ridge_logreg	3	4
HALLMARK_E2F_TARGETS	0.08793442337636787	0.08793442337636787	bi_only	ridge_logreg	3	4
HALLMARK_G2M_CHECKPOINT	0.0853700262368581	0.0853700262368581	bi_only	ridge_logreg	3	4
HALLMARK_WNT_BETA_CATENIN_SIGNALING	0.07673945216866006	0.07673945216866006	bi_only	ridge_logreg	3	4
HALLMARK_ESTROGEN_RESPONSE_EARLY	-0.07458038225267014	0.07458038225267014	bi_only	ridge_logreg	3	4
HALLMARK_P53_PATHWAY	0.07106039377441643	0.07106039377441643	bi_only	ridge_logreg	3	4
HALLMARK_MYC_TARGETS_V1	0.0662797712885264	0.0662797712885264	bi_only	ridge_logreg	3	4
HALLMARK_XENOBIOTIC_METABOLISM	-0.06447375533235579	0.06447375533235579	bi_only	ridge_logreg	3	4
HALLMARK_FATTY_ACID_METABOLISM	-0.062380841264787754	0.062380841264787754	bi_only	ridge_logreg	3	4
HALLMARK_GLYCOLYSIS	0.06162559854591961	0.06162559854591961	bi_only	ridge_logreg	3	4
TREG_MYELOID_SUPPRESSION	0.05936085798135326	0.05936085798135326	bi_only	ridge_logreg	3	4
HALLMARK_ESTROGEN_RESPONSE_LATE	-0.05713143904274697	0.05713143904274697	bi_only	ridge_logreg	3	4
HALLMARK_PEROXISOME	-0.05696736473362768	0.05696736473362768	bi_only	ridge_logreg	3	4
HALLMARK_UV_RESPONSE_UP	0.05552105821308322	0.05552105821308322	bi_only	ridge_logreg	3	4
HALLMARK_PROTEIN_SECRETION	0.05105507693115711	0.05105507693115711	bi_only	ridge_logreg	3	4
ECM_REMODELING	-0.048397776268465975	0.048397776268465975	bi_only	ridge_logreg	3	4
HALLMARK_MTORC1_SIGNALING	0.042248347840235186	0.042248347840235186	bi_only	ridge_logreg	3	4
HALLMARK_PI3K_AKT_MTOR_SIGNALING	0.04173574801291235	0.04173574801291235	bi_only	ridge_logreg	3	4
HALLMARK_HEDGEHOG_SIGNALING	-0.04034056641200338	0.04034056641200338	bi_only	ridge_logreg	3	4
HALLMARK_COAGULATION	-0.04013245312564437	0.04013245312564437	bi_only	ridge_logreg	3	4
HALLMARK_SPERMATOGENESIS	0.037157639895883804	0.037157639895883804	bi_only	ridge_logreg	3	4
immune_balance_ratio	-0.034607968760374246	0.034607968760374246	bi_only	ridge_logreg	3	4
HALLMARK_ADIPOGENESIS	-0.034513510168230066	0.034513510168230066	bi_only	ridge_logreg	3	4
T_CELL_INFLAMED	0.03301660366279231	0.03301660366279231	bi_only	ridge_logreg	3	4
HALLMARK_EPITHELIAL_MESENCHYMAL_TRANSITION	-0.031359619244988486	0.031359619244988486	bi_only	ridge_logreg	3	4
HALLMARK_APOPTOSIS	-0.03014669681754052	0.03014669681754052	bi_only	ridge_logreg	3	4
HALLMARK_DNA_REPAIR	0.028580231303577973	0.028580231303577973	bi_only	ridge_logreg	3	4
HALLMARK_ANDROGEN_RESPONSE	-0.028474089939294327	0.028474089939294327	bi_only	ridge_logreg	3	4
CD8_NK	0.026440697224814222	0.026440697224814222	bi_only	ridge_logreg	3	4
HALLMARK_APICAL_SURFACE	-0.02614685645827521	0.02614685645827521	bi_only	ridge_logreg	3	4
HALLMARK_UNFOLDED_PROTEIN_RESPONSE	0.025147358580426757	0.025147358580426757	bi_only	ridge_logreg	3	4
HALLMARK_INTERFERON_ALPHA_RESPONSE	-0.02503082094886251	0.02503082094886251	bi_only	ridge_logreg	3	4
HALLMARK_BILE_ACID_METABOLISM	-0.02450452516800136	0.02450452516800136	bi_only	ridge_logreg	3	4
suppression	0.022002600194739257	0.022002600194739257	bi_only	ridge_logreg	3	4
HALLMARK_IL6_JAK_STAT3_SIGNALING	0.0208356510753862	0.0208356510753862	bi_only	ridge_logreg	3	4
HALLMARK_APICAL_JUNCTION	0.020530080670021655	0.020530080670021655	bi_only	ridge_logreg	3	4
HALLMARK_HEME_METABOLISM	-0.020485010348569036	0.020485010348569036	bi_only	ridge_logreg	3	4
HALLMARK_NOTCH_SIGNALING	0.01983565834119447	0.01983565834119447	bi_only	ridge_logreg	3	4
ANGIOGENESIS	0.019672094367057	0.019672094367057	bi_only	ridge_logreg	3	4
HALLMARK_REACTIVE_OXYGEN_SPECIES_PATHWAY	-0.01676856689484806	0.01676856689484806	bi_only	ridge_logreg	3	4
HALLMARK_INFLAMMATORY_RESPONSE	0.01518127279294439	0.01518127279294439	bi_only	ridge_logreg	3	4
HALLMARK_OXIDATIVE_PHOSPHORYLATION	-0.014739857788405315	0.014739857788405315	bi_only	ridge_logreg	3	4
HALLMARK_PANCREAS_BETA_CELLS	0.014591560557677918	0.014591560557677918	bi_only	ridge_logreg	3	4
HALLMARK_COMPLEMENT	0.01385238496983819	0.01385238496983819	bi_only	ridge_logreg	3	4
ANTIGEN_PRESENTATION	-0.012009417066782055	0.012009417066782055	bi_only	ridge_logreg	3	4
activation	0.011708612705289138	0.011708612705289138	bi_only	ridge_logreg	3	4
HALLMARK_MYOGENESIS	-0.011685814504857018	0.011685814504857018	bi_only	ridge_logreg	3	4
HALLMARK_INTERFERON_GAMMA_RESPONSE	-0.009923121043182256	0.009923121043182256	bi_only	ridge_logreg	3	4
HALLMARK_KRAS_SIGNALING_DN	-0.009323414561155109	0.009323414561155109	bi_only	ridge_logreg	3	4
HALLMARK_TNFA_SIGNALING_VIA_NFKB	0.009191747934535595	0.009191747934535595	bi_only	ridge_logreg	3	4
HALLMARK_ALLOGRAFT_REJECTION	0.008168066310505893	0.008168066310505893	bi_only	ridge_logreg	3	4
HALLMARK_KRAS_SIGNALING_UP	0.007024597331331659	0.007024597331331659	bi_only	ridge_logreg	3	4
HALLMARK_UV_RESPONSE_DN	0.006516648283123643	0.006516648283123643	bi_only	ridge_logreg	3	4
EMT	-0.00545205811331107	0.00545205811331107	bi_only	ridge_logreg	3	4
TGF_BETA_SIGNALING	-0.0038992281919847382	0.0038992281919847382	bi_only	ridge_logreg	3	4
CYTOLYTIC_ACTIVITY	-0.0030520881926556914	0.0030520881926556914	bi_only	ridge_logreg	3	4
immune_balance_index	0.002931835548494695	0.002931835548494695	bi_only	ridge_logreg	3	4
HALLMARK_ANGIOGENESIS	-0.0017692406936641806	0.0017692406936641806	bi_only	ridge_logreg	3	4
HALLMARK_TGF_BETA_SIGNALING	-0.0017661845822562019	0.0017661845822562019	bi_only	ridge_logreg	3	4
HALLMARK_MYC_TARGETS_V2	0.001252007785868055	0.001252007785868055	bi_only	ridge_logreg	3	4
IFNG_RESPONSE	0.0006238925848213279	0.0006238925848213279	bi_only	ridge_logreg	3	4
HALLMARK_MITOTIC_SPINDLE	0.14299221498205755	0.14299221498205755	bi_only	ridge_logreg	3	5
HYPOXIA	0.12046902123393474	0.12046902123393474	bi_only	ridge_logreg	3	5
HALLMARK_WNT_BETA_CATENIN_SIGNALING	0.11647593200075294	0.11647593200075294	bi_only	ridge_logreg	3	5
HALLMARK_ESTROGEN_RESPONSE_EARLY	-0.10517626589243842	0.10517626589243842	bi_only	ridge_logreg	3	5
TREG_MYELOID_SUPPRESSION	0.09064931979554694	0.09064931979554694	bi_only	ridge_logreg	3	5
HALLMARK_CHOLESTEROL_HOMEOSTASIS	0.08761062910402631	0.08761062910402631	bi_only	ridge_logreg	3	5
HALLMARK_IL2_STAT5_SIGNALING	0.08037725771552463	0.08037725771552463	bi_only	ridge_logreg	3	5
HALLMARK_G2M_CHECKPOINT	0.08021554555304937	0.08021554555304937	bi_only	ridge_logreg	3	5
HALLMARK_ESTROGEN_RESPONSE_LATE	-0.07647108805244174	0.07647108805244174	bi_only	ridge_logreg	3	5
HALLMARK_E2F_TARGETS	0.07304666145921677	0.07304666145921677	bi_only	ridge_logreg	3	5
HALLMARK_GLYCOLYSIS	0.07288997123874599	0.07288997123874599	bi_only	ridge_logreg	3	5
HALLMARK_HYPOXIA	0.06254205502724666	0.06254205502724666	bi_only	ridge_logreg	3	5
HALLMARK_SPERMATOGENESIS	0.06156708794904544	0.06156708794904544	bi_only	ridge_logreg	3	5
EMT	-0.060839116957040466	0.060839116957040466	bi_only	ridge_logreg	3	5
HALLMARK_XENOBIOTIC_METABOLISM	-0.0593457893860144	0.0593457893860144	bi_only	ridge_logreg	3	5
HALLMARK_P53_PATHWAY	0.058402957266416616	0.058402957266416616	bi_only	ridge_logreg	3	5
HALLMARK_MYC_TARGETS_V1	0.05514845902208816	0.05514845902208816	bi_only	ridge_logreg	3	5
ECM_REMODELING	-0.05394557190472685	0.05394557190472685	bi_only	ridge_logreg	3	5
HALLMARK_UV_RESPONSE_UP	0.04739587185486798	0.04739587185486798	bi_only	ridge_logreg	3	5
HALLMARK_EPITHELIAL_MESENCHYMAL_TRANSITION	-0.04483333311897751	0.04483333311897751	bi_only	ridge_logreg	3	5
TGF_BETA_SIGNALING	-0.0430941653368572	0.0430941653368572	bi_only	ridge_logreg	3	5
HALLMARK_HEDGEHOG_SIGNALING	-0.04069592058092247	0.04069592058092247	bi_only	ridge_logreg	3	5
HALLMARK_PEROXISOME	-0.037782294263710735	0.037782294263710735	bi_only	ridge_logreg	3	5
HALLMARK_NOTCH_SIGNALING	0.034818375868036905	0.034818375868036905	bi_only	ridge_logreg	3	5
HALLMARK_HEME_METABOLISM	-0.034204252807557206	0.034204252807557206	bi_only	ridge_logreg	3	5
ANTIGEN_PRESENTATION	0.033529633741645186	0.033529633741645186	bi_only	ridge_logreg	3	5
HALLMARK_KRAS_SIGNALING_DN	0.03330885288121524	0.03330885288121524	bi_only	ridge_logreg	3	5
HALLMARK_PI3K_AKT_MTOR_SIGNALING	-0.03290063508327617	0.03290063508327617	bi_only	ridge_logreg	3	5
immune_balance_ratio	-0.03285907301304297	0.03285907301304297	bi_only	ridge_logreg	3	5
HALLMARK_REACTIVE_OXYGEN_SPECIES_PATHWAY	-0.03081383638202801	0.03081383638202801	bi_only	ridge_logreg	3	5
HALLMARK_MYOGENESIS	-0.03032316927329498	0.03032316927329498	bi_only	ridge_logreg	3	5
HALLMARK_APOPTOSIS	-0.029801227576495646	0.029801227576495646	bi_only	ridge_logreg	3	5
HALLMARK_COAGULATION	-0.027243068525052237	0.027243068525052237	bi_only	ridge_logreg	3	5
HALLMARK_ADIPOGENESIS	0.02701274981336527	0.02701274981336527	bi_only	ridge_logreg	3	5
HALLMARK_ANGIOGENESIS	-0.026039617992328307	0.026039617992328307	bi_only	ridge_logreg	3	5
HALLMARK_INTERFERON_ALPHA_RESPONSE	0.025114156835394065	0.025114156835394065	bi_only	ridge_logreg	3	5
HALLMARK_INTERFERON_GAMMA_RESPONSE	0.024000830292226157	0.024000830292226157	bi_only	ridge_logreg	3	5
HALLMARK_IL6_JAK_STAT3_SIGNALING	0.02247837426350574	0.02247837426350574	bi_only	ridge_logreg	3	5
HALLMARK_MTORC1_SIGNALING	0.019350990146313148	0.019350990146313148	bi_only	ridge_logreg	3	5
IFNG_RESPONSE	0.01889509882389148	0.01889509882389148	bi_only	ridge_logreg	3	5
T_CELL_INFLAMED	0.01780395280631113	0.01780395280631113	bi_only	ridge_logreg	3	5
HALLMARK_KRAS_SIGNALING_UP	0.015232207714795566	0.015232207714795566	bi_only	ridge_logreg	3	5
HALLMARK_MYC_TARGETS_V2	0.014834583164563668	0.014834583164563668	bi_only	ridge_logreg	3	5
suppression	0.013182182971078017	0.013182182971078017	bi_only	ridge_logreg	3	5
HALLMARK_BILE_ACID_METABOLISM	0.012088719169339101	0.012088719169339101	bi_only	ridge_logreg	3	5
activation	0.011636324243113774	0.011636324243113774	bi_only	ridge_logreg	3	5
HALLMARK_PROTEIN_SECRETION	0.011338924781259748	0.011338924781259748	bi_only	ridge_logreg	3	5
HALLMARK_ALLOGRAFT_REJECTION	0.011241959482316823	0.011241959482316823	bi_only	ridge_logreg	3	5
HALLMARK_TGF_BETA_SIGNALING	-0.0110140967136745	0.0110140967136745	bi_only	ridge_logreg	3	5
ANGIOGENESIS	0.010760017442571261	0.010760017442571261	bi_only	ridge_logreg	3	5
HALLMARK_TNFA_SIGNALING_VIA_NFKB	-0.009181890391170684	0.009181890391170684	bi_only	ridge_logreg	3	5
HALLMARK_ANDROGEN_RESPONSE	0.009049708390427595	0.009049708390427595	bi_only	ridge_logreg	3	5
HALLMARK_APICAL_JUNCTION	0.00869786769232702	0.00869786769232702	bi_only	ridge_logreg	3	5
HALLMARK_COMPLEMENT	0.00844874654659134	0.00844874654659134	bi_only	ridge_logreg	3	5
HALLMARK_UV_RESPONSE_DN	-0.007468828573322146	0.007468828573322146	bi_only	ridge_logreg	3	5
HALLMARK_INFLAMMATORY_RESPONSE	0.007022745278352092	0.007022745278352092	bi_only	ridge_logreg	3	5
immune_balance_index	0.0063275153970650585	0.0063275153970650585	bi_only	ridge_logreg	3	5
HALLMARK_OXIDATIVE_PHOSPHORYLATION	-0.004336651423344728	0.004336651423344728	bi_only	ridge_logreg	3	5
CD8_NK	0.003808015947164448	0.003808015947164448	bi_only	ridge_logreg	3	5
HALLMARK_PANCREAS_BETA_CELLS	0.003308664760267391	0.003308664760267391	bi_only	ridge_logreg	3	5
HALLMARK_APICAL_SURFACE	0.003115213775554522	0.003115213775554522	bi_only	ridge_logreg	3	5
HALLMARK_DNA_REPAIR	0.003078280720601795	0.003078280720601795	bi_only	ridge_logreg	3	5
HALLMARK_UNFOLDED_PROTEIN_RESPONSE	0.0023364504508323267	0.0023364504508323267	bi_only	ridge_logreg	3	5
HALLMARK_FATTY_ACID_METABOLISM	-0.002243893231039427	0.002243893231039427	bi_only	ridge_logreg	3	5
CYTOLYTIC_ACTIVITY	0.0002085291969539843	0.0002085291969539843	bi_only	ridge_logreg	3	5
